Food_Item,Calories,Protein_g,Carbs_g,Fat_g,Rasa,Virya,Vipaka,Vata_Recommendation,Pitta_Recommendation,Kapha_Recommendation,Regional_Cuisine,Health_Conditions
Rice,152,32.27,18.76,27.4,Tikta (Bitter),Ushna (Hot),Amla (Sour),Favor,Favor,Avoid,East Indian,"['Weight_Loss', 'Digestion', 'General_Wellness']"
Pomegranate,509,25.24,5.53,1.3,Lavana (Salty),Ushna (Hot),Katu (Pungent),Favor,Favor,Favor,South Indian,"['Heart_Health', 'Acidity']"
Sesame Seeds,437,37.8,47.25,13.8,Amla (Sour),Ushna (Hot),Amla (Sour),Avoid,Favor,Favor,North Indian,"['Weight_Gain', 'Weight_Loss', 'Skin_Health']"
Jowar Roti,451,31.46,75.46,31.37,Kashaya (Astringent),Ushna (Hot),Katu (Pungent),Favor,Favor,Favor,East Indian,['Weight_Gain']
Coconut Water,114,2.59,36.76,14.12,Lavana (Salty),Ushna (Hot),Madhura (Sweet),Avoid,Avoid,Avoid,South Indian,"['Hair_Growth', 'Skin_Health', 'Digestion']"
Pistachio,148,24.47,25.6,19.86,Lavana (Salty),Ushna (Hot),Katu (Pungent),Avoid,Avoid,Avoid,West Indian,"['Heart_Health', 'Skin_Health']"
Goat Cheese,456,24.97,45.49,7.51,Tikta (Bitter),Shita (Cold),Katu (Pungent),Favor,Favor,Neutral,North Indian,"['Weight_Loss', 'Weight_Gain']"
Almond Oil,239,6.18,22.1,15.24,Katu (Pungent),Ushna (Hot),Madhura (Sweet),Favor,Favor,Avoid,South Indian,['Diabetes']
Sunflower Seeds,546,11.65,23.52,24.52,Lavana (Salty),Ushna (Hot),Madhura (Sweet),Favor,Favor,Avoid,South Indian,"['Diabetes', 'Stress']"
Oats,465,24.52,11.06,13.25,Madhura (Sweet),Ushna (Hot),Amla (Sour),Favor,Avoid,Avoid,West Indian,"['Skin_Health', 'Weight_Gain', 'Acidity']"
Dal Makhani,560,10.61,53.39,6.52,Madhura (Sweet),Shita (Cold),Katu (Pungent),Neutral,Favor,Favor,North Indian,"['Weight_Loss', 'Diabetes']"
Sev Puri,353,38.69,46.87,30.95,Madhura (Sweet),Ushna (Hot),Katu (Pungent),Avoid,Avoid,Avoid,South Indian,['Skin_Health']
Malai Kofta,148,39.0,26.29,11.04,Amla (Sour),Shita (Cold),Katu (Pungent),Avoid,Favor,Avoid,North Indian,"['Acidity', 'Weight_Gain']"
Lobster,519,12.08,23.3,34.07,Tikta (Bitter),Ushna (Hot),Amla (Sour),Neutral,Favor,Favor,North Indian,"['Stress', 'Hair_Growth', 'Acidity']"
Jasmine Rice,95,36.76,32.76,1.03,Tikta (Bitter),Ushna (Hot),Amla (Sour),Neutral,Neutral,Avoid,West Indian,['Hair_Growth']
Pumpkin,372,23.66,12.29,21.72,Kashaya (Astringent),Ushna (Hot),Amla (Sour),Favor,Favor,Favor,East Indian,['Stress']
Idli,574,5.1,5.39,22.16,Katu (Pungent),Ushna (Hot),Amla (Sour),Avoid,Avoid,Favor,East Indian,"['Stress', 'Diabetes']"
Rock Salt,391,11.51,7.91,10.96,Lavana (Salty),Shita (Cold),Madhura (Sweet),Avoid,Avoid,Favor,North Indian,"['General_Wellness', 'Diabetes', 'Weight_Loss']"
Rock Salt,169,12.29,37.92,3.21,Tikta (Bitter),Shita (Cold),Madhura (Sweet),Favor,Favor,Avoid,North Indian,"['Weight_Gain', 'Digestion']"
Coriander,496,18.56,59.75,2.15,Amla (Sour),Shita (Cold),Katu (Pungent),Avoid,Favor,Favor,North Indian,"['Hair_Growth', 'Stress', 'Acidity']"
Beef,149,3.72,33.1,22.09,Amla (Sour),Shita (Cold),Madhura (Sweet),Avoid,Avoid,Avoid,East Indian,"['Immunity', 'Hair_Growth', 'Skin_Health']"
Honey,476,37.78,33.96,33.66,Amla (Sour),Ushna (Hot),Madhura (Sweet),Favor,Favor,Favor,West Indian,"['Weight_Gain', 'Heart_Health']"
Palak Dal,245,28.33,31.13,32.81,Katu (Pungent),Ushna (Hot),Madhura (Sweet),Neutral,Avoid,Favor,East Indian,"['Diabetes', 'Weight_Loss', 'Stress']"
Farro,574,30.12,22.87,13.53,Madhura (Sweet),Shita (Cold),Madhura (Sweet),Favor,Avoid,Favor,East Indian,['General_Wellness']
Sugarcane Juice,118,13.14,29.65,23.7,Katu (Pungent),Ushna (Hot),Katu (Pungent),Avoid,Favor,Neutral,South Indian,"['Joint_Pain', 'Stress', 'General_Wellness']"
Plum,541,34.94,67.89,15.2,Amla (Sour),Ushna (Hot),Amla (Sour),Avoid,Favor,Avoid,South Indian,"['Heart_Health', 'Digestion', 'Acidity']"
Shrimp,464,20.3,33.35,24.83,Amla (Sour),Shita (Cold),Katu (Pungent),Favor,Favor,Favor,East Indian,"['Hair_Growth', 'Weight_Gain']"
Spinach,240,20.15,11.22,18.73,Tikta (Bitter),Shita (Cold),Amla (Sour),Favor,Neutral,Favor,North Indian,"['Hair_Growth', 'Heart_Health']"
Artichoke,354,28.44,39.09,22.15,Kashaya (Astringent),Ushna (Hot),Katu (Pungent),Favor,Favor,Neutral,East Indian,"['General_Wellness', 'Digestion']"
Khichdi,227,12.11,32.03,9.47,Lavana (Salty),Shita (Cold),Katu (Pungent),Avoid,Favor,Avoid,East Indian,['Weight_Loss']
Pomegranate,300,3.72,6.98,13.49,Madhura (Sweet),Shita (Cold),Katu (Pungent),Favor,Avoid,Favor,South Indian,"['Hair_Growth', 'Diabetes', 'Immunity']"
Sev Puri,525,32.89,79.98,34.88,Tikta (Bitter),Ushna (Hot),Madhura (Sweet),Avoid,Avoid,Favor,North Indian,"['Stress', 'Skin_Health']"
Jaggery,203,20.93,40.72,29.18,Amla (Sour),Shita (Cold),Madhura (Sweet),Avoid,Avoid,Avoid,North Indian,['General_Wellness']
Leeks,147,26.19,46.61,3.64,Amla (Sour),Shita (Cold),Madhura (Sweet),Avoid,Avoid,Favor,West Indian,"['Weight_Gain', 'Hair_Growth']"
Millet,102,15.2,20.68,20.5,Lavana (Salty),Ushna (Hot),Katu (Pungent),Favor,Favor,Favor,South Indian,['Stress']
Upma,583,5.37,14.05,16.4,Amla (Sour),Shita (Cold),Amla (Sour),Favor,Favor,Favor,South Indian,['Immunity']
Paneer,352,16.08,41.34,21.83,Kashaya (Astringent),Shita (Cold),Amla (Sour),Avoid,Favor,Favor,West Indian,"['Weight_Gain', 'Diabetes', 'Heart_Health']"
Okra,322,10.04,29.56,4.63,Madhura (Sweet),Ushna (Hot),Madhura (Sweet),Avoid,Avoid,Favor,West Indian,"['Weight_Gain', 'Skin_Health', 'Immunity']"
Black Cardamom,331,25.09,23.33,17.69,Kashaya (Astringent),Ushna (Hot),Madhura (Sweet),Favor,Favor,Favor,West Indian,"['General_Wellness', 'Acidity']"
Bay Leaf,371,23.89,73.8,0.68,Kashaya (Astringent),Ushna (Hot),Amla (Sour),Favor,Avoid,Neutral,West Indian,"['Diabetes', 'Immunity', 'General_Wellness']"
Chole Kulche,162,22.13,58.04,26.99,Kashaya (Astringent),Ushna (Hot),Amla (Sour),Favor,Favor,Avoid,North Indian,"['Hair_Growth', 'Digestion']"
Mutton Curry,370,7.28,5.2,4.53,Kashaya (Astringent),Ushna (Hot),Katu (Pungent),Favor,Neutral,Avoid,East Indian,"['Weight_Gain', 'Hair_Growth']"
Thali,398,7.31,64.65,7.46,Kashaya (Astringent),Ushna (Hot),Madhura (Sweet),Favor,Favor,Avoid,South Indian,['Skin_Health']
Curry Leaves,72,18.67,48.31,12.76,Amla (Sour),Shita (Cold),Madhura (Sweet),Neutral,Avoid,Favor,South Indian,"['Weight_Loss', 'Hair_Growth', 'Acidity']"
Edamame,469,39.91,61.43,24.89,Lavana (Salty),Ushna (Hot),Madhura (Sweet),Favor,Avoid,Avoid,West Indian,"['Immunity', 'Acidity']"
Beef,179,2.46,49.88,20.01,Amla (Sour),Ushna (Hot),Katu (Pungent),Favor,Favor,Neutral,South Indian,"['Skin_Health', 'Weight_Loss']"
Lamb,405,36.91,64.26,1.29,Amla (Sour),Ushna (Hot),Katu (Pungent),Avoid,Favor,Avoid,East Indian,['Digestion']
Peas,50,35.06,43.91,20.9,Tikta (Bitter),Ushna (Hot),Madhura (Sweet),Avoid,Favor,Avoid,South Indian,['Weight_Loss']
Avocado,228,11.43,48.32,6.21,Tikta (Bitter),Shita (Cold),Madhura (Sweet),Favor,Avoid,Avoid,East Indian,"['Hair_Growth', 'Digestion']"
Star Anise,112,39.88,42.66,21.04,Tikta (Bitter),Shita (Cold),Katu (Pungent),Favor,Avoid,Favor,South Indian,['Weight_Loss']
Shrimp,162,17.23,46.97,5.86,Madhura (Sweet),Shita (Cold),Madhura (Sweet),Favor,Avoid,Favor,West Indian,"['Diabetes', 'Stress']"
Masala Dosa,492,21.21,49.63,12.2,Tikta (Bitter),Ushna (Hot),Katu (Pungent),Avoid,Favor,Favor,East Indian,"['Diabetes', 'General_Wellness']"
Dosa,200,34.23,14.21,30.74,Tikta (Bitter),Shita (Cold),Amla (Sour),Avoid,Avoid,Favor,South Indian,"['Weight_Loss', 'General_Wellness', 'Diabetes']"
Papaya,275,34.72,21.46,34.12,Katu (Pungent),Shita (Cold),Madhura (Sweet),Avoid,Favor,Avoid,East Indian,['Joint_Pain']
Beetroot,327,33.73,78.83,18.64,Tikta (Bitter),Shita (Cold),Katu (Pungent),Avoid,Avoid,Avoid,South Indian,['Diabetes']
Mozzarella,391,7.2,72.5,30.65,Amla (Sour),Shita (Cold),Madhura (Sweet),Avoid,Favor,Neutral,South Indian,['Immunity']
Pickle,78,16.79,26.65,12.77,Madhura (Sweet),Ushna (Hot),Katu (Pungent),Avoid,Neutral,Favor,East Indian,"['Heart_Health', 'Diabetes']"
Mint,556,24.68,30.07,27.1,Tikta (Bitter),Ushna (Hot),Madhura (Sweet),Favor,Favor,Avoid,East Indian,"['General_Wellness', 'Weight_Loss']"
Persimmon,573,15.72,11.87,32.15,Tikta (Bitter),Ushna (Hot),Amla (Sour),Avoid,Avoid,Favor,East Indian,"['Digestion', 'Joint_Pain', 'Weight_Gain']"
Star Fruit,538,37.87,7.96,24.84,Madhura (Sweet),Ushna (Hot),Amla (Sour),Avoid,Neutral,Favor,North Indian,"['General_Wellness', 'Joint_Pain', 'Hair_Growth']"
Tea,451,21.85,53.34,22.93,Lavana (Salty),Shita (Cold),Madhura (Sweet),Favor,Avoid,Favor,West Indian,"['Digestion', 'Heart_Health', 'Acidity']"
Honey,65,18.22,70.75,14.9,Lavana (Salty),Shita (Cold),Amla (Sour),Favor,Avoid,Avoid,East Indian,"['Acidity', 'Weight_Gain', 'Digestion']"
Sunflower Seeds,315,5.48,30.23,18.53,Madhura (Sweet),Shita (Cold),Madhura (Sweet),Favor,Favor,Favor,East Indian,"['Joint_Pain', 'Acidity']"
Coconut,110,11.84,49.14,34.39,Kashaya (Astringent),Shita (Cold),Katu (Pungent),Neutral,Neutral,Avoid,East Indian,"['Weight_Loss', 'General_Wellness', 'Immunity']"
Pakora,267,3.4,76.8,29.0,Tikta (Bitter),Ushna (Hot),Amla (Sour),Neutral,Avoid,Neutral,South Indian,['Immunity']
Vada,169,30.42,7.61,31.37,Tikta (Bitter),Shita (Cold),Katu (Pungent),Avoid,Favor,Favor,North Indian,"['Stress', 'Joint_Pain', 'Weight_Loss']"
Avial,173,16.16,24.48,25.46,Amla (Sour),Shita (Cold),Amla (Sour),Neutral,Favor,Avoid,North Indian,['Hair_Growth']
Kidney Beans,265,32.3,54.38,29.85,Lavana (Salty),Shita (Cold),Madhura (Sweet),Favor,Favor,Neutral,East Indian,"['Weight_Gain', 'Heart_Health', 'Joint_Pain']"
Papad,475,6.9,30.13,26.15,Amla (Sour),Shita (Cold),Amla (Sour),Avoid,Avoid,Favor,East Indian,['Hair_Growth']
Kheer,375,12.77,6.38,15.41,Amla (Sour),Ushna (Hot),Katu (Pungent),Neutral,Favor,Neutral,East Indian,"['Skin_Health', 'Digestion']"
Guava,259,35.12,78.01,33.93,Katu (Pungent),Ushna (Hot),Katu (Pungent),Avoid,Favor,Favor,North Indian,"['Skin_Health', 'Weight_Gain']"
Quinoa,446,34.46,44.53,28.99,Lavana (Salty),Shita (Cold),Amla (Sour),Avoid,Favor,Favor,West Indian,['Acidity']
Matar Paneer,556,17.55,72.06,8.43,Tikta (Bitter),Ushna (Hot),Madhura (Sweet),Avoid,Favor,Avoid,East Indian,"['Weight_Loss', 'Heart_Health', 'Hair_Growth']"
Onion,398,6.99,7.44,32.27,Lavana (Salty),Shita (Cold),Amla (Sour),Favor,Favor,Avoid,South Indian,['Weight_Loss']
Nutmeg,121,19.65,56.03,14.15,Kashaya (Astringent),Shita (Cold),Katu (Pungent),Avoid,Avoid,Avoid,East Indian,"['Weight_Loss', 'Acidity', 'Weight_Gain']"
Besan Ladoo,291,14.41,43.83,3.53,Tikta (Bitter),Shita (Cold),Madhura (Sweet),Avoid,Favor,Favor,South Indian,"['Stress', 'Skin_Health', 'Digestion']"
Peanut,58,37.58,8.9,19.17,Amla (Sour),Shita (Cold),Amla (Sour),Avoid,Avoid,Avoid,West Indian,"['Heart_Health', 'Immunity', 'General_Wellness']"
Basmati Rice,63,5.1,9.53,9.03,Tikta (Bitter),Ushna (Hot),Madhura (Sweet),Avoid,Favor,Favor,North Indian,['Stress']
Olive Oil,401,22.61,42.0,3.31,Lavana (Salty),Ushna (Hot),Madhura (Sweet),Favor,Favor,Favor,East Indian,['Digestion']
Urad Dal,469,3.12,34.66,21.41,Amla (Sour),Shita (Cold),Amla (Sour),Avoid,Neutral,Favor,North Indian,"['Diabetes', 'Weight_Loss', 'Heart_Health']"
Bell Pepper,51,8.88,69.08,17.48,Kashaya (Astringent),Shita (Cold),Madhura (Sweet),Favor,Avoid,Favor,South Indian,"['Immunity', 'Stress', 'Weight_Gain']"
Corn,473,24.75,34.75,8.68,Lavana (Salty),Shita (Cold),Katu (Pungent),Favor,Favor,Favor,East Indian,"['Hair_Growth', 'Immunity']"
Jowar Roti,333,3.39,60.23,23.4,Tikta (Bitter),Ushna (Hot),Madhura (Sweet),Avoid,Favor,Avoid,South Indian,"['Stress', 'Digestion', 'Hair_Growth']"
Quinoa,84,19.18,75.04,11.41,Madhura (Sweet),Ushna (Hot),Amla (Sour),Avoid,Favor,Favor,West Indian,"['General_Wellness', 'Joint_Pain', 'Skin_Health']"
Orange,200,3.14,28.09,24.81,Amla (Sour),Shita (Cold),Katu (Pungent),Favor,Favor,Avoid,North Indian,"['Diabetes', 'Weight_Gain']"
Moong Dal,194,33.57,69.85,27.01,Lavana (Salty),Shita (Cold),Madhura (Sweet),Avoid,Avoid,Favor,East Indian,"['Digestion', 'Stress']"
Black-eyed Peas,208,30.06,70.89,14.44,Kashaya (Astringent),Shita (Cold),Amla (Sour),Favor,Neutral,Avoid,West Indian,"['Digestion', 'Diabetes', 'Acidity']"
Samosa Chaat,192,28.43,34.14,15.98,Madhura (Sweet),Shita (Cold),Madhura (Sweet),Favor,Favor,Avoid,East Indian,"['Weight_Gain', 'Hair_Growth']"
Rogan Josh,61,7.66,44.5,8.99,Katu (Pungent),Ushna (Hot),Katu (Pungent),Avoid,Avoid,Avoid,West Indian,"['Acidity', 'Hair_Growth', 'Diabetes']"
Raj Kachori,373,37.51,31.37,4.0,Tikta (Bitter),Shita (Cold),Madhura (Sweet),Favor,Favor,Avoid,West Indian,"['Immunity', 'Stress']"
Green Tea,400,34.66,64.98,6.87,Madhura (Sweet),Shita (Cold),Madhura (Sweet),Favor,Neutral,Favor,West Indian,"['Digestion', 'Diabetes']"
Vada Pav,59,8.64,32.06,31.75,Madhura (Sweet),Shita (Cold),Katu (Pungent),Avoid,Favor,Avoid,East Indian,"['Skin_Health', 'Stress', 'Weight_Loss']"
Garlic,532,35.03,40.47,18.97,Kashaya (Astringent),Shita (Cold),Madhura (Sweet),Avoid,Avoid,Avoid,South Indian,['Stress']
Tofu,216,29.53,6.19,12.27,Kashaya (Astringent),Ushna (Hot),Amla (Sour),Favor,Neutral,Avoid,East Indian,['Acidity']
Aloo Gobi,566,4.66,53.01,9.85,Amla (Sour),Ushna (Hot),Amla (Sour),Favor,Favor,Favor,South Indian,"['Diabetes', 'Stress', 'Immunity']"
Fennel Seeds,491,38.39,18.15,24.31,Madhura (Sweet),Ushna (Hot),Amla (Sour),Favor,Favor,Avoid,North Indian,"['Weight_Loss', 'Diabetes', 'Acidity']"
Coconut,133,25.7,11.68,26.56,Madhura (Sweet),Ushna (Hot),Amla (Sour),Favor,Favor,Favor,West Indian,"['Heart_Health', 'Weight_Loss']"
Ashwagandha,456,37.81,70.5,6.08,Kashaya (Astringent),Ushna (Hot),Katu (Pungent),Neutral,Avoid,Favor,West Indian,['General_Wellness']
Kidney Beans,575,5.07,35.22,6.49,Amla (Sour),Ushna (Hot),Amla (Sour),Neutral,Avoid,Neutral,South Indian,['Acidity']
Kiwi,74,27.32,14.13,17.0,Katu (Pungent),Ushna (Hot),Katu (Pungent),Neutral,Avoid,Neutral,East Indian,['Stress']
Beetroot,394,4.21,79.61,2.49,Madhura (Sweet),Ushna (Hot),Katu (Pungent),Favor,Favor,Avoid,South Indian,"['Digestion', 'Acidity', 'Stress']"
Orange,469,22.03,36.96,5.01,Katu (Pungent),Ushna (Hot),Amla (Sour),Avoid,Favor,Avoid,South Indian,"['Joint_Pain', 'Diabetes']"
Garlic,520,7.21,45.15,7.92,Tikta (Bitter),Shita (Cold),Amla (Sour),Avoid,Favor,Favor,East Indian,['Weight_Loss']
Eggplant,276,16.28,34.59,16.35,Tikta (Bitter),Shita (Cold),Madhura (Sweet),Favor,Favor,Avoid,North Indian,['Weight_Loss']
Cod,249,10.62,71.7,16.05,Tikta (Bitter),Ushna (Hot),Madhura (Sweet),Avoid,Avoid,Avoid,North Indian,['Weight_Gain']
Chana Dal,415,39.68,77.81,33.01,Lavana (Salty),Shita (Cold),Katu (Pungent),Favor,Favor,Avoid,East Indian,"['Joint_Pain', 'Skin_Health']"
Goat Cheese,431,11.91,10.19,33.61,Kashaya (Astringent),Ushna (Hot),Amla (Sour),Favor,Favor,Favor,South Indian,"['Weight_Gain', 'Immunity']"
Pickle,173,16.77,17.28,9.95,Katu (Pungent),Ushna (Hot),Katu (Pungent),Avoid,Avoid,Favor,East Indian,"['Digestion', 'Joint_Pain']"
Artichoke,351,29.68,63.23,23.14,Lavana (Salty),Shita (Cold),Amla (Sour),Avoid,Favor,Avoid,North Indian,"['Hair_Growth', 'Weight_Loss']"
White Rice,470,24.43,43.13,10.77,Lavana (Salty),Ushna (Hot),Madhura (Sweet),Favor,Avoid,Avoid,North Indian,"['Immunity', 'Acidity', 'Hair_Growth']"
Pani Puri,540,13.82,60.68,28.62,Lavana (Salty),Ushna (Hot),Amla (Sour),Favor,Avoid,Avoid,South Indian,"['Digestion', 'Skin_Health']"
Dal Makhani,119,35.31,79.73,13.21,Tikta (Bitter),Shita (Cold),Amla (Sour),Avoid,Avoid,Favor,North Indian,"['Acidity', 'Digestion']"
Leeks,565,21.38,59.26,4.09,Amla (Sour),Ushna (Hot),Amla (Sour),Favor,Avoid,Avoid,East Indian,"['Immunity', 'Weight_Loss', 'Weight_Gain']"
Neem,68,18.73,16.06,11.82,Madhura (Sweet),Shita (Cold),Katu (Pungent),Favor,Avoid,Avoid,West Indian,['Stress']
Brazil Nut,127,30.39,60.5,33.29,Tikta (Bitter),Ushna (Hot),Madhura (Sweet),Neutral,Favor,Avoid,South Indian,"['Stress', 'Heart_Health']"
Pumpkin,398,19.55,41.07,15.51,Tikta (Bitter),Shita (Cold),Amla (Sour),Avoid,Favor,Neutral,West Indian,['Acidity']
Star Fruit,597,2.51,26.21,2.04,Kashaya (Astringent),Shita (Cold),Katu (Pungent),Favor,Neutral,Favor,East Indian,"['Weight_Gain', 'General_Wellness']"
Passion Fruit,490,15.14,28.64,27.13,Kashaya (Astringent),Ushna (Hot),Katu (Pungent),Favor,Avoid,Neutral,West Indian,"['Digestion', 'Joint_Pain', 'Immunity']"
Onion,180,29.56,19.34,12.17,Lavana (Salty),Ushna (Hot),Madhura (Sweet),Avoid,Favor,Favor,South Indian,['Acidity']
Peach,403,17.35,45.69,27.81,Madhura (Sweet),Ushna (Hot),Amla (Sour),Favor,Favor,Favor,North Indian,['General_Wellness']
Gulab Jamun,393,31.9,13.4,12.78,Lavana (Salty),Shita (Cold),Katu (Pungent),Avoid,Favor,Favor,East Indian,"['Digestion', 'General_Wellness']"
Mozzarella,430,19.15,78.87,27.13,Amla (Sour),Ushna (Hot),Amla (Sour),Favor,Favor,Favor,West Indian,"['Heart_Health', 'Weight_Loss']"
Cilantro,553,9.1,12.05,12.81,Madhura (Sweet),Shita (Cold),Madhura (Sweet),Avoid,Avoid,Favor,East Indian,"['Weight_Gain', 'Immunity']"
Coconut Burfi,89,21.27,49.86,1.65,Tikta (Bitter),Shita (Cold),Katu (Pungent),Favor,Avoid,Neutral,West Indian,['Digestion']
Black Pepper,309,39.89,78.48,23.14,Lavana (Salty),Ushna (Hot),Madhura (Sweet),Favor,Favor,Avoid,South Indian,"['Immunity', 'Weight_Gain']"
Black-eyed Peas,499,33.22,39.44,12.84,Amla (Sour),Shita (Cold),Katu (Pungent),Avoid,Avoid,Favor,East Indian,"['Diabetes', 'Immunity']"
Chia Seeds,328,25.6,31.43,29.53,Lavana (Salty),Shita (Cold),Katu (Pungent),Favor,Favor,Avoid,South Indian,"['Acidity', 'Skin_Health']"
Rasgulla,240,14.93,69.98,7.94,Tikta (Bitter),Ushna (Hot),Madhura (Sweet),Favor,Avoid,Neutral,East Indian,['Weight_Loss']
Chaas,403,18.99,39.53,30.33,Kashaya (Astringent),Ushna (Hot),Katu (Pungent),Neutral,Favor,Favor,North Indian,"['Joint_Pain', 'Weight_Gain']"
Nectarine,333,2.68,77.21,25.57,Lavana (Salty),Shita (Cold),Katu (Pungent),Avoid,Avoid,Favor,East Indian,"['Digestion', 'Weight_Gain']"
Pakora,383,30.24,8.61,31.65,Amla (Sour),Ushna (Hot),Madhura (Sweet),Avoid,Avoid,Favor,West Indian,['Hair_Growth']
Raj Kachori,250,36.57,55.19,29.11,Madhura (Sweet),Shita (Cold),Madhura (Sweet),Avoid,Favor,Neutral,South Indian,"['Weight_Gain', 'Immunity', 'General_Wellness']"
Brown Rice,228,11.02,43.43,4.1,Kashaya (Astringent),Shita (Cold),Madhura (Sweet),Neutral,Favor,Favor,West Indian,"['Joint_Pain', 'Digestion', 'Skin_Health']"
Gulab Jamun,311,3.73,15.5,10.05,Madhura (Sweet),Ushna (Hot),Madhura (Sweet),Favor,Avoid,Favor,East Indian,['Skin_Health']
Pongal,390,18.66,21.39,14.19,Kashaya (Astringent),Shita (Cold),Madhura (Sweet),Favor,Favor,Avoid,East Indian,['Joint_Pain']
Artichoke,382,37.32,17.39,13.95,Lavana (Salty),Shita (Cold),Madhura (Sweet),Avoid,Avoid,Favor,North Indian,"['Acidity', 'Diabetes']"
Sooji ka Halwa,373,16.59,39.22,13.23,Lavana (Salty),Ushna (Hot),Madhura (Sweet),Favor,Favor,Favor,West Indian,"['Joint_Pain', 'General_Wellness']"
Pomegranate,426,7.86,17.89,22.51,Tikta (Bitter),Shita (Cold),Madhura (Sweet),Favor,Avoid,Favor,North Indian,['Weight_Loss']
Kofta,176,15.04,59.69,23.0,Katu (Pungent),Ushna (Hot),Amla (Sour),Avoid,Favor,Favor,North Indian,['Skin_Health']
Roti,124,24.12,32.84,21.24,Katu (Pungent),Shita (Cold),Madhura (Sweet),Avoid,Avoid,Favor,West Indian,['Immunity']
Naan,528,32.09,49.7,3.99,Tikta (Bitter),Shita (Cold),Amla (Sour),Avoid,Avoid,Avoid,West Indian,['Hair_Growth']
Honey,479,3.18,34.1,6.02,Amla (Sour),Shita (Cold),Katu (Pungent),Favor,Favor,Favor,South Indian,['Weight_Loss']
Sooji ka Halwa,126,25.06,16.37,1.57,Kashaya (Astringent),Shita (Cold),Madhura (Sweet),Favor,Avoid,Avoid,South Indian,['Joint_Pain']
Lentils,432,12.27,77.48,19.74,Lavana (Salty),Ushna (Hot),Katu (Pungent),Favor,Favor,Avoid,West Indian,"['Diabetes', 'Joint_Pain', 'Skin_Health']"
Rasam,569,3.5,40.67,19.23,Lavana (Salty),Ushna (Hot),Katu (Pungent),Neutral,Avoid,Avoid,East Indian,"['Digestion', 'Weight_Loss']"
Puri Bhaji,196,21.49,12.03,26.53,Kashaya (Astringent),Ushna (Hot),Katu (Pungent),Favor,Favor,Favor,East Indian,"['Immunity', 'Joint_Pain', 'Hair_Growth']"
Parsley,414,20.11,79.71,2.55,Tikta (Bitter),Ushna (Hot),Madhura (Sweet),Avoid,Avoid,Favor,South Indian,"['General_Wellness', 'Joint_Pain', 'Diabetes']"
Coriander,369,13.38,31.9,28.25,Lavana (Salty),Shita (Cold),Amla (Sour),Neutral,Favor,Neutral,East Indian,"['Acidity', 'Weight_Loss']"
Thepla,598,2.22,75.28,28.86,Madhura (Sweet),Ushna (Hot),Madhura (Sweet),Avoid,Avoid,Favor,North Indian,"['Diabetes', 'Immunity']"
Tea,132,21.86,27.47,3.15,Amla (Sour),Shita (Cold),Amla (Sour),Favor,Favor,Favor,West Indian,"['Joint_Pain', 'Skin_Health', 'General_Wellness']"
Walnut,370,22.86,21.45,1.66,Lavana (Salty),Ushna (Hot),Katu (Pungent),Avoid,Favor,Avoid,West Indian,"['General_Wellness', 'Digestion']"
Jasmine Rice,102,32.55,46.44,18.45,Tikta (Bitter),Ushna (Hot),Katu (Pungent),Avoid,Favor,Favor,South Indian,"['Joint_Pain', 'Digestion']"
Tempeh,145,24.55,72.18,20.62,Madhura (Sweet),Shita (Cold),Madhura (Sweet),Neutral,Favor,Neutral,North Indian,['Skin_Health']
Cumin,132,36.58,33.3,33.76,Tikta (Bitter),Ushna (Hot),Amla (Sour),Favor,Avoid,Neutral,North Indian,"['Acidity', 'Hair_Growth', 'Stress']"
Pomegranate,501,28.7,27.35,4.14,Lavana (Salty),Ushna (Hot),Madhura (Sweet),Favor,Favor,Neutral,East Indian,['Stress']
Rice,149,34.31,20.9,23.18,Lavana (Salty),Shita (Cold),Amla (Sour),Favor,Avoid,Avoid,South Indian,['Heart_Health']
Green Gram,537,19.79,48.44,3.44,Lavana (Salty),Ushna (Hot),Madhura (Sweet),Favor,Favor,Avoid,East Indian,"['Weight_Loss', 'Digestion', 'Immunity']"
White Chocolate,436,17.36,44.82,21.03,Tikta (Bitter),Ushna (Hot),Madhura (Sweet),Neutral,Avoid,Avoid,East Indian,"['Diabetes', 'Joint_Pain', 'Heart_Health']"
Amla,440,2.67,27.0,27.17,Amla (Sour),Ushna (Hot),Madhura (Sweet),Favor,Favor,Favor,East Indian,['Weight_Gain']
Black-eyed Peas,108,13.51,9.93,8.37,Amla (Sour),Shita (Cold),Madhura (Sweet),Avoid,Favor,Favor,South Indian,['Hair_Growth']
Thali,541,25.55,72.21,29.73,Lavana (Salty),Ushna (Hot),Katu (Pungent),Favor,Avoid,Avoid,West Indian,"['Acidity', 'Skin_Health', 'Digestion']"
Bell Pepper,538,28.22,56.76,32.61,Katu (Pungent),Shita (Cold),Madhura (Sweet),Favor,Favor,Neutral,West Indian,"['General_Wellness', 'Digestion']"
Sesame Oil,272,3.67,17.43,15.87,Katu (Pungent),Ushna (Hot),Katu (Pungent),Avoid,Favor,Neutral,South Indian,"['Weight_Loss', 'Immunity', 'General_Wellness']"
Appam,188,19.44,73.95,6.58,Kashaya (Astringent),Shita (Cold),Amla (Sour),Neutral,Favor,Avoid,West Indian,['Weight_Loss']
Green Cardamom,544,10.82,39.37,27.46,Katu (Pungent),Shita (Cold),Amla (Sour),Avoid,Favor,Favor,South Indian,['Immunity']
Wheat,398,20.27,54.68,4.59,Madhura (Sweet),Shita (Cold),Katu (Pungent),Neutral,Neutral,Favor,North Indian,"['Acidity', 'Diabetes', 'Stress']"
Salt,66,31.93,23.83,19.96,Lavana (Salty),Shita (Cold),Madhura (Sweet),Favor,Favor,Neutral,East Indian,"['Stress', 'Digestion', 'Joint_Pain']"
Pani Puri,305,18.59,48.51,18.33,Amla (Sour),Ushna (Hot),Katu (Pungent),Favor,Favor,Neutral,South Indian,['Digestion']
Eggplant,196,24.56,7.46,22.44,Lavana (Salty),Shita (Cold),Amla (Sour),Neutral,Avoid,Favor,East Indian,"['Hair_Growth', 'Skin_Health', 'General_Wellness']"
Poppy Seeds,520,3.73,26.75,32.62,Kashaya (Astringent),Ushna (Hot),Amla (Sour),Avoid,Avoid,Favor,South Indian,['General_Wellness']
Papaya,391,29.72,77.51,8.24,Katu (Pungent),Ushna (Hot),Madhura (Sweet),Avoid,Favor,Favor,South Indian,['Skin_Health']
Appam,359,24.44,54.58,3.21,Amla (Sour),Shita (Cold),Katu (Pungent),Favor,Avoid,Favor,East Indian,"['Skin_Health', 'Acidity']"
Honey,240,21.34,32.7,32.69,Amla (Sour),Shita (Cold),Katu (Pungent),Avoid,Favor,Neutral,West Indian,"['Joint_Pain', 'Stress']"
Custard Apple,389,39.18,69.24,24.69,Katu (Pungent),Shita (Cold),Katu (Pungent),Favor,Avoid,Favor,South Indian,"['Diabetes', 'Skin_Health', 'Heart_Health']"
Medu Vada,319,34.04,12.31,19.78,Tikta (Bitter),Ushna (Hot),Amla (Sour),Avoid,Neutral,Favor,North Indian,['Skin_Health']
Tea,144,13.77,26.75,30.56,Lavana (Salty),Ushna (Hot),Madhura (Sweet),Favor,Favor,Neutral,South Indian,"['Weight_Loss', 'Skin_Health', 'Heart_Health']"
Kale,380,9.27,35.87,32.76,Tikta (Bitter),Ushna (Hot),Amla (Sour),Avoid,Favor,Favor,South Indian,['Weight_Gain']
Aloe Vera Juice,264,9.56,36.38,26.41,Katu (Pungent),Ushna (Hot),Amla (Sour),Neutral,Neutral,Favor,South Indian,['Diabetes']
Vada Pav,517,18.06,30.99,14.22,Lavana (Salty),Ushna (Hot),Amla (Sour),Avoid,Avoid,Avoid,East Indian,"['Weight_Loss', 'Acidity']"
Buckwheat,197,24.76,51.77,22.87,Kashaya (Astringent),Ushna (Hot),Amla (Sour),Avoid,Favor,Avoid,North Indian,['Stress']
Sugar,128,10.1,75.43,0.73,Kashaya (Astringent),Shita (Cold),Amla (Sour),Favor,Favor,Avoid,North Indian,"['Hair_Growth', 'Weight_Loss', 'Immunity']"
Handvo,311,39.13,12.64,0.79,Kashaya (Astringent),Shita (Cold),Katu (Pungent),Avoid,Favor,Avoid,West Indian,"['Skin_Health', 'Acidity', 'Immunity']"
Idli,261,9.75,54.05,28.73,Katu (Pungent),Ushna (Hot),Katu (Pungent),Favor,Favor,Favor,South Indian,"['Stress', 'Diabetes', 'Joint_Pain']"
Lentils,324,20.75,26.25,27.64,Lavana (Salty),Shita (Cold),Amla (Sour),Avoid,Avoid,Avoid,West Indian,"['Stress', 'Acidity']"
Walnut,598,27.33,64.05,16.17,Tikta (Bitter),Shita (Cold),Katu (Pungent),Avoid,Avoid,Favor,South Indian,"['Joint_Pain', 'Immunity', 'Diabetes']"
Chutney,184,4.13,41.83,32.49,Madhura (Sweet),Ushna (Hot),Katu (Pungent),Favor,Avoid,Favor,South Indian,['Stress']
Coconut Burfi,118,2.3,74.34,15.79,Amla (Sour),Ushna (Hot),Madhura (Sweet),Favor,Favor,Avoid,North Indian,['Stress']
Dhokla,146,14.11,72.77,3.18,Tikta (Bitter),Ushna (Hot),Katu (Pungent),Favor,Avoid,Avoid,North Indian,"['General_Wellness', 'Weight_Gain', 'Acidity']"
Black Pepper,544,20.6,37.22,26.05,Tikta (Bitter),Shita (Cold),Madhura (Sweet),Avoid,Avoid,Favor,North Indian,"['Skin_Health', 'Weight_Gain']"
Orange,283,25.09,23.4,2.49,Kashaya (Astringent),Ushna (Hot),Katu (Pungent),Favor,Avoid,Avoid,West Indian,['Joint_Pain']
Jasmine Rice,548,22.77,48.16,1.26,Tikta (Bitter),Shita (Cold),Madhura (Sweet),Favor,Neutral,Favor,East Indian,"['Hair_Growth', 'Joint_Pain']"
Cod,578,34.58,55.49,14.58,Tikta (Bitter),Ushna (Hot),Katu (Pungent),Avoid,Favor,Favor,East Indian,['Skin_Health']
Ashwagandha,248,19.15,18.76,30.0,Tikta (Bitter),Ushna (Hot),Katu (Pungent),Favor,Favor,Avoid,South Indian,"['Weight_Gain', 'Skin_Health', 'Diabetes']"
Shahi Tukda,131,16.27,65.29,15.45,Tikta (Bitter),Ushna (Hot),Amla (Sour),Favor,Favor,Favor,East Indian,"['Skin_Health', 'Stress', 'Diabetes']"
Lobster,553,22.84,9.98,26.94,Amla (Sour),Shita (Cold),Madhura (Sweet),Avoid,Favor,Avoid,East Indian,['Heart_Health']
Triphala,539,23.99,52.43,5.9,Amla (Sour),Ushna (Hot),Madhura (Sweet),Avoid,Favor,Avoid,North Indian,['Skin_Health']
Rasgulla,367,32.26,25.4,24.39,Lavana (Salty),Shita (Cold),Katu (Pungent),Avoid,Favor,Favor,East Indian,['Diabetes']
Couscous,389,31.4,61.09,5.7,Madhura (Sweet),Ushna (Hot),Katu (Pungent),Favor,Favor,Avoid,West Indian,['Joint_Pain']
White Rice,307,30.42,65.95,24.89,Kashaya (Astringent),Shita (Cold),Katu (Pungent),Neutral,Favor,Avoid,East Indian,['Immunity']
Bok Choy,557,26.86,22.4,1.0,Kashaya (Astringent),Shita (Cold),Amla (Sour),Avoid,Favor,Favor,East Indian,"['Hair_Growth', 'Immunity', 'Joint_Pain']"
Potato,432,29.85,55.71,5.28,Madhura (Sweet),Shita (Cold),Katu (Pungent),Avoid,Favor,Favor,East Indian,['Heart_Health']
Avocado,63,4.03,39.11,23.78,Kashaya (Astringent),Shita (Cold),Katu (Pungent),Neutral,Avoid,Favor,West Indian,"['Skin_Health', 'Weight_Loss', 'Acidity']"
Jowar Roti,142,38.05,9.55,24.15,Madhura (Sweet),Ushna (Hot),Katu (Pungent),Avoid,Avoid,Avoid,South Indian,"['Immunity', 'Weight_Gain']"
Guava,199,28.7,9.99,8.46,Madhura (Sweet),Shita (Cold),Katu (Pungent),Avoid,Avoid,Favor,North Indian,"['Joint_Pain', 'Acidity', 'Hair_Growth']"
Apple,514,25.66,78.0,16.54,Tikta (Bitter),Shita (Cold),Amla (Sour),Favor,Favor,Neutral,North Indian,['General_Wellness']
Asafoetida,534,22.14,78.9,6.23,Katu (Pungent),Shita (Cold),Katu (Pungent),Avoid,Favor,Favor,South Indian,"['Weight_Loss', 'Stress']"
Jaggery,215,34.86,16.62,3.35,Amla (Sour),Ushna (Hot),Katu (Pungent),Avoid,Avoid,Favor,East Indian,"['Acidity', 'Immunity']"
Rasmalai,539,33.25,9.27,14.94,Madhura (Sweet),Shita (Cold),Madhura (Sweet),Favor,Avoid,Neutral,North Indian,"['Hair_Growth', 'Skin_Health', 'Weight_Gain']"
Rasgulla,250,20.72,41.24,29.42,Madhura (Sweet),Ushna (Hot),Amla (Sour),Favor,Avoid,Favor,East Indian,"['Weight_Gain', 'Immunity']"
Dosa,359,10.73,46.45,13.34,Lavana (Salty),Shita (Cold),Katu (Pungent),Avoid,Favor,Favor,East Indian,"['Skin_Health', 'Digestion', 'Joint_Pain']"
Couscous,436,35.97,30.31,25.67,Tikta (Bitter),Ushna (Hot),Madhura (Sweet),Favor,Avoid,Favor,South Indian,['Digestion']
Dates,549,30.51,16.4,16.31,Tikta (Bitter),Ushna (Hot),Amla (Sour),Favor,Neutral,Neutral,East Indian,"['Hair_Growth', 'Acidity', 'Digestion']"
Sooji ka Halwa,560,24.68,79.97,27.05,Tikta (Bitter),Shita (Cold),Amla (Sour),Favor,Avoid,Avoid,East Indian,"['Skin_Health', 'Weight_Loss', 'Heart_Health']"
Black Pepper,520,25.8,25.89,29.93,Madhura (Sweet),Shita (Cold),Katu (Pungent),Favor,Favor,Favor,North Indian,"['Skin_Health', 'Acidity', 'Immunity']"
Idli,91,16.9,61.31,4.83,Madhura (Sweet),Ushna (Hot),Amla (Sour),Avoid,Avoid,Neutral,South Indian,"['Stress', 'Weight_Gain']"
Ginger,198,38.54,55.09,32.7,Katu (Pungent),Ushna (Hot),Madhura (Sweet),Avoid,Favor,Favor,South Indian,"['Weight_Gain', 'Stress', 'Immunity']"
Halwa,357,27.77,45.73,12.47,Katu (Pungent),Shita (Cold),Katu (Pungent),Favor,Favor,Favor,West Indian,['Skin_Health']
Bell Pepper,416,8.19,49.64,5.69,Kashaya (Astringent),Ushna (Hot),Madhura (Sweet),Neutral,Favor,Favor,South Indian,"['Weight_Loss', 'General_Wellness']"
Dark Chocolate,513,31.8,39.68,30.34,Katu (Pungent),Shita (Cold),Katu (Pungent),Favor,Avoid,Avoid,West Indian,"['Weight_Gain', 'Skin_Health', 'Joint_Pain']"
Sapota,482,33.25,18.0,17.26,Katu (Pungent),Shita (Cold),Madhura (Sweet),Favor,Favor,Avoid,South Indian,['Immunity']
Paneer,140,37.4,66.57,20.05,Lavana (Salty),Shita (Cold),Amla (Sour),Avoid,Neutral,Favor,West Indian,['Acidity']
Farro,563,30.08,7.43,23.23,Katu (Pungent),Shita (Cold),Katu (Pungent),Favor,Avoid,Favor,North Indian,['General_Wellness']
Corn,488,10.29,79.21,20.32,Madhura (Sweet),Ushna (Hot),Amla (Sour),Favor,Avoid,Avoid,South Indian,"['Digestion', 'Immunity', 'Weight_Gain']"
Orange,212,10.41,33.57,28.39,Kashaya (Astringent),Ushna (Hot),Katu (Pungent),Avoid,Favor,Favor,East Indian,"['Joint_Pain', 'Weight_Gain']"
Raita,581,11.49,54.06,21.86,Katu (Pungent),Ushna (Hot),Madhura (Sweet),Avoid,Favor,Favor,West Indian,"['Diabetes', 'Skin_Health', 'Acidity']"
Cloves,93,32.96,50.89,13.38,Lavana (Salty),Shita (Cold),Madhura (Sweet),Favor,Avoid,Avoid,East Indian,"['Hair_Growth', 'General_Wellness']"
Broccoli,185,21.09,59.86,33.56,Tikta (Bitter),Shita (Cold),Katu (Pungent),Neutral,Neutral,Avoid,North Indian,"['General_Wellness', 'Weight_Loss', 'Digestion']"
Cilantro,222,27.01,5.6,33.04,Tikta (Bitter),Shita (Cold),Madhura (Sweet),Neutral,Favor,Avoid,East Indian,"['Weight_Loss', 'General_Wellness']"
Brazil Nut,145,38.7,34.64,25.63,Tikta (Bitter),Shita (Cold),Amla (Sour),Avoid,Favor,Favor,South Indian,"['Hair_Growth', 'Diabetes', 'Skin_Health']"
Lassi,282,9.53,9.93,31.11,Tikta (Bitter),Ushna (Hot),Katu (Pungent),Favor,Favor,Favor,East Indian,"['Digestion', 'Joint_Pain', 'Immunity']"
Peanut,165,14.75,10.76,8.61,Tikta (Bitter),Ushna (Hot),Amla (Sour),Neutral,Favor,Favor,East Indian,"['Joint_Pain', 'Skin_Health']"
Raita,236,24.16,5.85,27.66,Amla (Sour),Shita (Cold),Madhura (Sweet),Avoid,Favor,Favor,West Indian,"['Acidity', 'Heart_Health', 'Hair_Growth']"
Blueberry,514,10.59,66.3,32.6,Katu (Pungent),Shita (Cold),Amla (Sour),Favor,Avoid,Favor,East Indian,"['Stress', 'Acidity']"
Saffron,70,32.61,62.01,5.81,Katu (Pungent),Ushna (Hot),Amla (Sour),Favor,Favor,Favor,South Indian,['General_Wellness']
Puri Bhaji,416,13.3,22.25,14.69,Kashaya (Astringent),Shita (Cold),Katu (Pungent),Avoid,Favor,Avoid,South Indian,"['Digestion', 'General_Wellness']"
Palak Dal,184,6.46,17.68,12.64,Lavana (Salty),Ushna (Hot),Madhura (Sweet),Avoid,Favor,Favor,South Indian,"['Immunity', 'Diabetes', 'Stress']"
Raita,178,6.91,12.47,21.31,Amla (Sour),Shita (Cold),Katu (Pungent),Favor,Favor,Favor,West Indian,['Weight_Loss']
Paneer,380,34.18,29.32,23.84,Madhura (Sweet),Shita (Cold),Amla (Sour),Avoid,Favor,Favor,East Indian,"['Joint_Pain', 'Immunity']"
Sugar,286,25.03,68.71,2.05,Madhura (Sweet),Shita (Cold),Amla (Sour),Favor,Avoid,Favor,North Indian,"['Hair_Growth', 'Skin_Health']"
Cod,457,20.72,52.51,28.29,Amla (Sour),Ushna (Hot),Katu (Pungent),Avoid,Avoid,Avoid,East Indian,['General_Wellness']
Orange,469,29.62,63.86,34.81,Madhura (Sweet),Shita (Cold),Madhura (Sweet),Avoid,Avoid,Avoid,West Indian,['Acidity']
Orange,191,6.84,14.47,28.56,Madhura (Sweet),Ushna (Hot),Amla (Sour),Neutral,Avoid,Favor,East Indian,"['Hair_Growth', 'Diabetes', 'Acidity']"
Fenugreek Seeds,239,22.53,68.84,33.54,Lavana (Salty),Ushna (Hot),Madhura (Sweet),Avoid,Avoid,Favor,South Indian,['Acidity']
Mutton Curry,393,17.38,11.57,2.77,Katu (Pungent),Shita (Cold),Katu (Pungent),Avoid,Favor,Favor,North Indian,"['Weight_Loss', 'Acidity']"
Puran Poli,253,23.76,24.26,28.24,Lavana (Salty),Shita (Cold),Katu (Pungent),Avoid,Avoid,Favor,East Indian,['General_Wellness']
Soya Chunks,348,12.56,62.86,22.99,Lavana (Salty),Shita (Cold),Katu (Pungent),Avoid,Favor,Avoid,West Indian,"['Immunity', 'Heart_Health', 'Skin_Health']"
Thepla,281,22.7,15.18,31.33,Lavana (Salty),Ushna (Hot),Madhura (Sweet),Neutral,Avoid,Avoid,East Indian,"['Joint_Pain', 'Weight_Gain', 'Acidity']"
Bhel Puri,165,27.68,34.7,26.59,Kashaya (Astringent),Shita (Cold),Katu (Pungent),Favor,Avoid,Avoid,South Indian,"['Immunity', 'Weight_Loss', 'Stress']"
Bitter Gourd,397,39.91,38.88,12.74,Tikta (Bitter),Ushna (Hot),Katu (Pungent),Favor,Neutral,Favor,West Indian,"['Heart_Health', 'Diabetes', 'Weight_Gain']"
Basil,218,8.86,24.69,18.62,Amla (Sour),Shita (Cold),Katu (Pungent),Favor,Favor,Favor,South Indian,['Skin_Health']
Onion,569,15.13,65.23,19.14,Lavana (Salty),Ushna (Hot),Katu (Pungent),Avoid,Favor,Favor,North Indian,"['Diabetes', 'Stress', 'Digestion']"
Lentils,591,5.05,40.76,22.24,Kashaya (Astringent),Shita (Cold),Amla (Sour),Favor,Favor,Avoid,West Indian,"['Skin_Health', 'Weight_Loss']"
Mace,406,2.4,72.13,5.65,Katu (Pungent),Shita (Cold),Amla (Sour),Favor,Neutral,Favor,West Indian,['Digestion']
Giloy,184,36.29,33.74,7.96,Madhura (Sweet),Shita (Cold),Katu (Pungent),Favor,Favor,Favor,East Indian,['Skin_Health']
Coconut,134,17.74,76.85,19.17,Katu (Pungent),Shita (Cold),Katu (Pungent),Avoid,Avoid,Favor,East Indian,['Joint_Pain']
Pumpkin Seeds,172,8.21,18.83,7.48,Lavana (Salty),Shita (Cold),Katu (Pungent),Avoid,Neutral,Avoid,East Indian,"['Weight_Gain', 'Acidity', 'General_Wellness']"
Basmati Rice,383,38.47,8.65,3.88,Kashaya (Astringent),Shita (Cold),Madhura (Sweet),Neutral,Avoid,Favor,South Indian,"['Skin_Health', 'Digestion', 'Weight_Loss']"
Mace,417,27.86,17.46,2.54,Kashaya (Astringent),Ushna (Hot),Madhura (Sweet),Neutral,Favor,Favor,South Indian,"['Weight_Gain', 'Acidity']"
Mutton Curry,298,5.74,76.75,21.18,Kashaya (Astringent),Ushna (Hot),Madhura (Sweet),Favor,Favor,Avoid,South Indian,"['Diabetes', 'Stress']"
Poha,587,35.22,67.3,8.25,Madhura (Sweet),Ushna (Hot),Katu (Pungent),Avoid,Avoid,Favor,West Indian,"['Hair_Growth', 'Weight_Loss']"
Chia Seeds,459,35.83,53.92,16.36,Kashaya (Astringent),Ushna (Hot),Amla (Sour),Avoid,Neutral,Favor,East Indian,"['Weight_Loss', 'Digestion', 'Joint_Pain']"
Cabbage,113,29.77,57.55,20.82,Tikta (Bitter),Ushna (Hot),Amla (Sour),Avoid,Favor,Favor,West Indian,"['General_Wellness', 'Skin_Health', 'Heart_Health']"
Aloo Gobi,396,28.41,47.55,27.97,Amla (Sour),Shita (Cold),Madhura (Sweet),Favor,Favor,Favor,North Indian,['Skin_Health']
Kiwi,124,24.22,75.61,6.52,Lavana (Salty),Ushna (Hot),Katu (Pungent),Avoid,Avoid,Favor,North Indian,"['Immunity', 'Stress', 'Skin_Health']"
Beetroot,74,30.49,73.48,20.24,Lavana (Salty),Ushna (Hot),Amla (Sour),Favor,Avoid,Favor,North Indian,['Diabetes']
Cashew,323,12.76,35.02,28.51,Katu (Pungent),Ushna (Hot),Madhura (Sweet),Favor,Favor,Favor,West Indian,"['Digestion', 'Stress', 'Weight_Gain']"
Brazil Nut,379,9.92,14.97,22.53,Kashaya (Astringent),Shita (Cold),Madhura (Sweet),Favor,Favor,Neutral,South Indian,['Diabetes']
Chhole Bhature,536,5.18,33.95,13.4,Tikta (Bitter),Ushna (Hot),Katu (Pungent),Avoid,Neutral,Favor,North Indian,['General_Wellness']
Mint,241,26.17,34.87,0.74,Kashaya (Astringent),Ushna (Hot),Amla (Sour),Avoid,Neutral,Favor,North Indian,"['Skin_Health', 'Acidity', 'Weight_Loss']"
Curry,160,12.16,65.93,3.34,Katu (Pungent),Ushna (Hot),Amla (Sour),Avoid,Neutral,Avoid,South Indian,"['Weight_Gain', 'Digestion']"
Honey,201,10.79,23.27,11.06,Katu (Pungent),Ushna (Hot),Katu (Pungent),Avoid,Favor,Neutral,North Indian,"['Acidity', 'Weight_Loss']"
Shrimp,240,5.11,53.51,22.06,Lavana (Salty),Shita (Cold),Madhura (Sweet),Favor,Avoid,Favor,South Indian,"['Weight_Loss', 'Hair_Growth', 'Digestion']"
Shrimp,258,19.51,67.15,29.12,Katu (Pungent),Ushna (Hot),Amla (Sour),Favor,Favor,Avoid,North Indian,"['Weight_Gain', 'Skin_Health', 'Heart_Health']"
Lentils,76,27.81,52.35,9.83,Lavana (Salty),Shita (Cold),Katu (Pungent),Avoid,Favor,Neutral,North Indian,"['Stress', 'Digestion']"
Biryani,551,19.58,7.5,4.71,Madhura (Sweet),Shita (Cold),Amla (Sour),Neutral,Favor,Favor,South Indian,['Weight_Loss']
Saffron,322,12.52,8.45,32.61,Amla (Sour),Shita (Cold),Amla (Sour),Favor,Avoid,Favor,East Indian,"['Joint_Pain', 'Heart_Health', 'Digestion']"
Papaya,391,34.07,60.67,6.29,Kashaya (Astringent),Ushna (Hot),Amla (Sour),Avoid,Avoid,Favor,North Indian,['Heart_Health']
Masoor Dal,521,3.48,34.39,28.18,Tikta (Bitter),Ushna (Hot),Madhura (Sweet),Avoid,Avoid,Avoid,South Indian,"['General_Wellness', 'Immunity', 'Weight_Gain']"
Maple Syrup,519,31.74,71.49,14.25,Amla (Sour),Ushna (Hot),Madhura (Sweet),Avoid,Favor,Favor,East Indian,"['Immunity', 'Diabetes']"
Thyme,585,22.43,18.87,15.27,Madhura (Sweet),Ushna (Hot),Katu (Pungent),Favor,Favor,Neutral,South Indian,['Joint_Pain']
Buckwheat,343,14.18,17.32,27.52,Kashaya (Astringent),Ushna (Hot),Katu (Pungent),Favor,Favor,Neutral,North Indian,['Diabetes']
Cauliflower,541,18.72,41.21,7.82,Katu (Pungent),Ushna (Hot),Amla (Sour),Avoid,Favor,Avoid,West Indian,['Heart_Health']
Chutney,534,33.53,54.1,14.69,Madhura (Sweet),Shita (Cold),Katu (Pungent),Avoid,Favor,Favor,North Indian,['Stress']
Garlic,268,38.02,15.59,26.84,Madhura (Sweet),Shita (Cold),Katu (Pungent),Avoid,Favor,Favor,West Indian,"['Weight_Loss', 'Skin_Health', 'Hair_Growth']"
Basmati Rice,92,4.62,30.11,11.32,Kashaya (Astringent),Ushna (Hot),Amla (Sour),Favor,Avoid,Avoid,South Indian,['Skin_Health']
Brazil Nut,543,19.91,40.44,13.55,Amla (Sour),Ushna (Hot),Madhura (Sweet),Favor,Avoid,Favor,West Indian,"['Joint_Pain', 'Immunity']"
Fennel Seeds,278,34.26,34.8,8.97,Madhura (Sweet),Shita (Cold),Madhura (Sweet),Favor,Avoid,Avoid,South Indian,"['Hair_Growth', 'Digestion', 'Joint_Pain']"
Sunflower Oil,150,24.78,20.09,31.21,Tikta (Bitter),Ushna (Hot),Amla (Sour),Avoid,Avoid,Avoid,East Indian,['Weight_Gain']
Tandoori Chicken,141,25.72,67.2,7.07,Madhura (Sweet),Shita (Cold),Katu (Pungent),Avoid,Avoid,Avoid,West Indian,"['Weight_Gain', 'Hair_Growth', 'Diabetes']"
Dal Makhani,351,22.69,8.08,26.2,Madhura (Sweet),Ushna (Hot),Madhura (Sweet),Favor,Avoid,Favor,North Indian,"['Diabetes', 'Stress', 'Heart_Health']"
Paneer,210,30.45,41.2,7.95,Katu (Pungent),Shita (Cold),Madhura (Sweet),Favor,Avoid,Avoid,North Indian,"['Weight_Loss', 'Digestion']"
Curry,506,15.6,30.02,13.88,Katu (Pungent),Shita (Cold),Katu (Pungent),Neutral,Favor,Avoid,East Indian,"['General_Wellness', 'Skin_Health']"
Ginger,422,16.96,40.51,29.98,Kashaya (Astringent),Shita (Cold),Katu (Pungent),Avoid,Favor,Favor,North Indian,"['Diabetes', 'Joint_Pain', 'Acidity']"
Pumpkin Seeds,203,3.58,29.16,19.81,Amla (Sour),Shita (Cold),Madhura (Sweet),Favor,Neutral,Avoid,East Indian,"['Joint_Pain', 'Skin_Health']"
Curry Leaves,565,8.63,58.06,25.06,Madhura (Sweet),Shita (Cold),Amla (Sour),Avoid,Neutral,Avoid,South Indian,"['Hair_Growth', 'Skin_Health']"
Samosa,261,11.78,63.08,13.8,Tikta (Bitter),Shita (Cold),Amla (Sour),Avoid,Avoid,Favor,South Indian,"['Diabetes', 'Digestion', 'Hair_Growth']"
Pickle,424,3.56,8.72,22.01,Kashaya (Astringent),Shita (Cold),Katu (Pungent),Favor,Neutral,Avoid,North Indian,['Digestion']
Masoor Dal,159,33.46,33.35,34.35,Madhura (Sweet),Ushna (Hot),Katu (Pungent),Favor,Favor,Avoid,North Indian,"['Joint_Pain', 'Hair_Growth', 'Digestion']"
Amla Juice,451,14.63,28.66,4.18,Katu (Pungent),Ushna (Hot),Amla (Sour),Favor,Neutral,Avoid,South Indian,['Heart_Health']
Shahi Tukda,359,8.45,12.17,14.96,Madhura (Sweet),Shita (Cold),Amla (Sour),Neutral,Avoid,Avoid,North Indian,"['Weight_Loss', 'Skin_Health', 'Hair_Growth']"
Cheddar,307,2.4,34.56,29.86,Katu (Pungent),Shita (Cold),Katu (Pungent),Avoid,Avoid,Favor,North Indian,['Immunity']
Chia Seeds,89,17.29,27.35,22.08,Katu (Pungent),Ushna (Hot),Amla (Sour),Favor,Favor,Avoid,North Indian,"['Acidity', 'Weight_Loss', 'Joint_Pain']"
Gajar ka Halwa,458,2.33,33.66,10.91,Madhura (Sweet),Shita (Cold),Madhura (Sweet),Avoid,Neutral,Favor,East Indian,"['General_Wellness', 'Diabetes', 'Joint_Pain']"
Star Anise,230,14.62,57.56,26.9,Lavana (Salty),Shita (Cold),Katu (Pungent),Avoid,Avoid,Favor,West Indian,"['Skin_Health', 'Weight_Loss']"
Rasmalai,150,18.51,70.22,6.73,Lavana (Salty),Shita (Cold),Katu (Pungent),Avoid,Favor,Avoid,North Indian,['Diabetes']
Garlic,219,27.61,6.25,12.19,Kashaya (Astringent),Shita (Cold),Madhura (Sweet),Favor,Avoid,Favor,North Indian,"['Skin_Health', 'Weight_Loss', 'Diabetes']"
Moong Dal,510,34.85,39.27,16.89,Katu (Pungent),Shita (Cold),Katu (Pungent),Avoid,Favor,Avoid,West Indian,['Hair_Growth']
Mozzarella,133,4.08,77.89,18.19,Madhura (Sweet),Shita (Cold),Madhura (Sweet),Avoid,Favor,Favor,South Indian,"['Stress', 'Heart_Health', 'Weight_Loss']"
Dark Chocolate,91,14.51,8.94,16.03,Amla (Sour),Shita (Cold),Katu (Pungent),Neutral,Favor,Favor,East Indian,['Digestion']
Pumpkin Seeds,494,37.56,39.28,10.51,Amla (Sour),Ushna (Hot),Madhura (Sweet),Avoid,Avoid,Favor,North Indian,"['Joint_Pain', 'Weight_Loss']"
Millet,287,21.34,38.96,10.11,Katu (Pungent),Ushna (Hot),Madhura (Sweet),Avoid,Favor,Favor,East Indian,['Joint_Pain']
Couscous,104,4.82,13.65,30.5,Kashaya (Astringent),Ushna (Hot),Madhura (Sweet),Avoid,Neutral,Favor,South Indian,"['Diabetes', 'Skin_Health', 'General_Wellness']"
Blueberry,332,11.79,38.75,24.41,Madhura (Sweet),Ushna (Hot),Katu (Pungent),Avoid,Neutral,Favor,West Indian,['Stress']
Toor Dal,63,13.23,11.79,23.55,Amla (Sour),Ushna (Hot),Amla (Sour),Avoid,Favor,Favor,West Indian,['Acidity']
Sweet Potato,482,30.52,22.7,5.45,Kashaya (Astringent),Ushna (Hot),Amla (Sour),Favor,Neutral,Avoid,South Indian,"['Weight_Loss', 'Joint_Pain', 'Skin_Health']"
Flax Seeds,87,11.97,48.59,25.28,Lavana (Salty),Ushna (Hot),Amla (Sour),Favor,Favor,Avoid,East Indian,['Weight_Loss']
Sambar,184,13.99,41.83,11.57,Amla (Sour),Shita (Cold),Amla (Sour),Avoid,Avoid,Avoid,West Indian,"['Acidity', 'Stress']"
Sunflower Oil,168,2.3,41.91,34.53,Lavana (Salty),Shita (Cold),Amla (Sour),Avoid,Favor,Avoid,South Indian,"['Acidity', 'Stress', 'General_Wellness']"
Naan,318,22.7,14.42,10.5,Madhura (Sweet),Shita (Cold),Amla (Sour),Avoid,Avoid,Favor,North Indian,"['Acidity', 'Weight_Gain', 'General_Wellness']"
Fennel Seeds,217,29.23,31.9,9.74,Madhura (Sweet),Shita (Cold),Madhura (Sweet),Avoid,Avoid,Favor,North Indian,['Immunity']
Kiwi,523,18.88,15.28,30.25,Katu (Pungent),Shita (Cold),Madhura (Sweet),Avoid,Neutral,Favor,North Indian,['Joint_Pain']
Bell Pepper,572,29.44,18.06,19.37,Katu (Pungent),Shita (Cold),Katu (Pungent),Favor,Favor,Favor,South Indian,"['Hair_Growth', 'Stress']"
Mint,140,25.6,27.64,31.54,Katu (Pungent),Ushna (Hot),Katu (Pungent),Avoid,Avoid,Avoid,East Indian,['Digestion']
Broccoli,528,13.27,24.88,15.4,Katu (Pungent),Shita (Cold),Katu (Pungent),Favor,Favor,Favor,East Indian,"['Acidity', 'Digestion']"
Banana,363,25.62,21.49,15.85,Tikta (Bitter),Ushna (Hot),Amla (Sour),Favor,Avoid,Neutral,East Indian,"['Skin_Health', 'Acidity']"
Dark Chocolate,572,2.94,57.25,25.52,Tikta (Bitter),Ushna (Hot),Katu (Pungent),Favor,Favor,Favor,West Indian,"['Skin_Health', 'Stress']"
Lassi,100,5.69,9.82,20.95,Amla (Sour),Ushna (Hot),Madhura (Sweet),Favor,Favor,Neutral,South Indian,"['Weight_Loss', 'Diabetes']"
Dhokla,267,27.94,54.67,25.18,Katu (Pungent),Shita (Cold),Madhura (Sweet),Favor,Avoid,Favor,North Indian,"['Heart_Health', 'General_Wellness', 'Weight_Gain']"
Sugar,407,33.88,70.78,8.89,Tikta (Bitter),Ushna (Hot),Amla (Sour),Favor,Neutral,Avoid,East Indian,"['Digestion', 'Heart_Health']"
Ginger,456,17.07,14.37,18.63,Kashaya (Astringent),Ushna (Hot),Amla (Sour),Neutral,Avoid,Favor,West Indian,['Weight_Gain']
Apple,332,28.37,27.94,26.69,Lavana (Salty),Ushna (Hot),Katu (Pungent),Avoid,Favor,Favor,West Indian,"['Digestion', 'General_Wellness']"
Masoor Dal,453,34.33,26.46,22.6,Madhura (Sweet),Ushna (Hot),Madhura (Sweet),Favor,Neutral,Favor,West Indian,"['Digestion', 'Diabetes']"
White Chocolate,560,37.0,78.21,8.17,Lavana (Salty),Ushna (Hot),Katu (Pungent),Favor,Favor,Avoid,West Indian,['Immunity']
Salmon,346,15.47,47.34,9.21,Lavana (Salty),Shita (Cold),Katu (Pungent),Avoid,Favor,Neutral,South Indian,['Hair_Growth']
Black-eyed Peas,359,14.76,48.09,18.26,Lavana (Salty),Ushna (Hot),Madhura (Sweet),Favor,Favor,Avoid,East Indian,['Digestion']
Millet,583,10.72,21.37,2.39,Tikta (Bitter),Shita (Cold),Amla (Sour),Favor,Avoid,Avoid,North Indian,"['Diabetes', 'Heart_Health', 'Weight_Loss']"
Brown Rice,544,35.71,25.63,8.21,Lavana (Salty),Ushna (Hot),Amla (Sour),Favor,Avoid,Favor,West Indian,"['Digestion', 'Hair_Growth', 'Joint_Pain']"
Raj Kachori,149,35.28,25.36,0.63,Amla (Sour),Shita (Cold),Madhura (Sweet),Favor,Avoid,Favor,North Indian,"['Heart_Health', 'Joint_Pain']"
Vegetable Korma,369,3.76,48.47,31.98,Katu (Pungent),Shita (Cold),Madhura (Sweet),Avoid,Favor,Favor,North Indian,['Digestion']
Tuna,591,10.1,63.63,7.53,Tikta (Bitter),Shita (Cold),Madhura (Sweet),Favor,Neutral,Avoid,North Indian,"['Hair_Growth', 'Diabetes', 'Weight_Loss']"
Dates,96,37.29,42.26,29.58,Amla (Sour),Shita (Cold),Amla (Sour),Avoid,Favor,Favor,North Indian,"['Joint_Pain', 'Heart_Health']"
Avocado,247,32.26,49.66,31.09,Madhura (Sweet),Shita (Cold),Amla (Sour),Favor,Neutral,Favor,East Indian,"['Stress', 'General_Wellness']"
Mushroom,378,9.31,58.8,23.42,Lavana (Salty),Ushna (Hot),Katu (Pungent),Favor,Favor,Avoid,South Indian,"['Joint_Pain', 'Weight_Gain', 'Hair_Growth']"
Amla Juice,587,8.76,31.38,15.69,Tikta (Bitter),Ushna (Hot),Madhura (Sweet),Favor,Favor,Avoid,North Indian,"['Joint_Pain', 'Weight_Gain', 'Weight_Loss']"
Bajra,471,13.06,70.17,31.7,Amla (Sour),Shita (Cold),Amla (Sour),Avoid,Favor,Favor,West Indian,"['Skin_Health', 'General_Wellness']"
Poppy Seeds,504,7.68,74.75,16.33,Amla (Sour),Ushna (Hot),Katu (Pungent),Favor,Favor,Favor,North Indian,"['General_Wellness', 'Joint_Pain']"
Aloo Gobi,546,29.17,37.24,11.07,Katu (Pungent),Ushna (Hot),Katu (Pungent),Favor,Avoid,Avoid,West Indian,"['General_Wellness', 'Heart_Health', 'Stress']"
Pongal,223,34.13,52.64,1.93,Amla (Sour),Ushna (Hot),Katu (Pungent),Favor,Favor,Avoid,West Indian,"['General_Wellness', 'Joint_Pain']"
Orange,353,3.7,51.69,11.16,Madhura (Sweet),Shita (Cold),Katu (Pungent),Favor,Favor,Avoid,West Indian,"['Heart_Health', 'Skin_Health']"
Custard Apple,351,32.59,68.76,10.48,Lavana (Salty),Ushna (Hot),Katu (Pungent),Avoid,Favor,Neutral,West Indian,"['Joint_Pain', 'Heart_Health']"
Mango,582,14.98,76.5,31.66,Katu (Pungent),Ushna (Hot),Madhura (Sweet),Favor,Avoid,Avoid,East Indian,"['Joint_Pain', 'Acidity']"
Couscous,420,26.44,62.19,20.68,Tikta (Bitter),Ushna (Hot),Katu (Pungent),Favor,Avoid,Neutral,North Indian,"['Hair_Growth', 'Digestion']"
Raita,305,5.45,24.7,30.68,Madhura (Sweet),Shita (Cold),Amla (Sour),Favor,Avoid,Neutral,East Indian,"['Digestion', 'Weight_Gain']"
Artichoke,565,24.56,14.53,15.25,Amla (Sour),Shita (Cold),Madhura (Sweet),Avoid,Favor,Avoid,North Indian,['Weight_Loss']
Jalebi,408,14.96,65.41,12.18,Madhura (Sweet),Ushna (Hot),Amla (Sour),Avoid,Neutral,Avoid,West Indian,"['Weight_Gain', 'Weight_Loss', 'Diabetes']"
Papad,572,13.59,17.66,16.39,Madhura (Sweet),Shita (Cold),Katu (Pungent),Favor,Avoid,Avoid,East Indian,"['Weight_Loss', 'Heart_Health', 'Hair_Growth']"
Brazil Nut,486,2.8,36.42,27.27,Madhura (Sweet),Ushna (Hot),Madhura (Sweet),Neutral,Neutral,Avoid,North Indian,"['Joint_Pain', 'Stress']"
Misal Pav,322,21.73,22.58,4.76,Tikta (Bitter),Ushna (Hot),Amla (Sour),Avoid,Favor,Favor,South Indian,"['General_Wellness', 'Immunity']"
Sunflower Seeds,102,6.18,33.75,29.38,Madhura (Sweet),Shita (Cold),Katu (Pungent),Avoid,Favor,Favor,West Indian,"['General_Wellness', 'Digestion', 'Weight_Loss']"
Buckwheat,108,32.47,39.98,12.98,Lavana (Salty),Shita (Cold),Madhura (Sweet),Favor,Avoid,Favor,South Indian,"['Acidity', 'Skin_Health']"
Fenugreek Seeds,127,21.2,56.0,7.5,Amla (Sour),Ushna (Hot),Katu (Pungent),Favor,Avoid,Favor,East Indian,"['Weight_Loss', 'Acidity']"
Palak Paneer,292,12.61,32.7,6.0,Kashaya (Astringent),Shita (Cold),Amla (Sour),Avoid,Favor,Favor,South Indian,"['Skin_Health', 'Diabetes', 'Acidity']"
Wheat,278,5.84,19.93,34.99,Lavana (Salty),Shita (Cold),Amla (Sour),Favor,Neutral,Favor,West Indian,"['General_Wellness', 'Diabetes', 'Weight_Gain']"
Papad,255,17.29,8.84,17.63,Tikta (Bitter),Ushna (Hot),Katu (Pungent),Neutral,Favor,Favor,East Indian,"['Weight_Gain', 'General_Wellness', 'Weight_Loss']"
Salmon,535,39.47,63.55,13.96,Kashaya (Astringent),Shita (Cold),Madhura (Sweet),Avoid,Favor,Favor,East Indian,"['General_Wellness', 'Joint_Pain', 'Diabetes']"
Mango,570,30.76,50.5,6.25,Amla (Sour),Ushna (Hot),Amla (Sour),Favor,Favor,Favor,East Indian,"['General_Wellness', 'Acidity', 'Hair_Growth']"
Nectarine,443,19.97,43.98,7.07,Amla (Sour),Ushna (Hot),Amla (Sour),Favor,Avoid,Favor,East Indian,['Immunity']
Palak Paneer,493,25.06,68.71,19.17,Tikta (Bitter),Ushna (Hot),Katu (Pungent),Favor,Favor,Favor,East Indian,['Skin_Health']
Cod,359,34.99,71.09,12.58,Kashaya (Astringent),Shita (Cold),Amla (Sour),Favor,Avoid,Favor,West Indian,"['Weight_Gain', 'Heart_Health', 'Immunity']"
Soya Chunks,322,35.77,41.29,25.63,Tikta (Bitter),Ushna (Hot),Madhura (Sweet),Neutral,Avoid,Avoid,North Indian,['Immunity']
Garlic,441,9.35,76.31,14.6,Katu (Pungent),Shita (Cold),Madhura (Sweet),Favor,Neutral,Favor,East Indian,"['Weight_Gain', 'Digestion', 'Acidity']"
Yogurt,229,26.74,66.84,14.91,Kashaya (Astringent),Ushna (Hot),Katu (Pungent),Avoid,Favor,Neutral,West Indian,"['Hair_Growth', 'Joint_Pain', 'Digestion']"
Honey,341,34.24,72.95,19.19,Tikta (Bitter),Shita (Cold),Katu (Pungent),Avoid,Avoid,Favor,South Indian,['Joint_Pain']
Fig,412,6.04,18.03,24.31,Lavana (Salty),Ushna (Hot),Katu (Pungent),Favor,Avoid,Avoid,North Indian,"['Weight_Gain', 'Stress', 'Heart_Health']"
Quinoa,253,12.56,42.36,11.87,Katu (Pungent),Shita (Cold),Madhura (Sweet),Avoid,Avoid,Favor,East Indian,['Weight_Gain']
Avial,493,34.55,34.7,7.37,Amla (Sour),Shita (Cold),Madhura (Sweet),Avoid,Avoid,Favor,East Indian,"['Weight_Loss', 'Weight_Gain', 'Immunity']"
Carrot,135,29.92,23.91,17.43,Tikta (Bitter),Shita (Cold),Amla (Sour),Avoid,Avoid,Favor,West Indian,['General_Wellness']
Besan Ladoo,153,18.38,26.61,21.34,Amla (Sour),Ushna (Hot),Amla (Sour),Favor,Favor,Neutral,West Indian,"['Skin_Health', 'Weight_Loss']"
Goat Cheese,443,20.5,57.67,29.89,Lavana (Salty),Ushna (Hot),Amla (Sour),Neutral,Avoid,Avoid,South Indian,"['Heart_Health', 'Immunity', 'Digestion']"
Apple,230,25.66,5.75,7.22,Amla (Sour),Shita (Cold),Katu (Pungent),Favor,Avoid,Avoid,South Indian,"['Weight_Gain', 'Acidity', 'Hair_Growth']"
Kidney Beans,258,38.59,50.58,34.43,Lavana (Salty),Ushna (Hot),Katu (Pungent),Avoid,Avoid,Neutral,West Indian,"['Weight_Loss', 'Weight_Gain', 'Hair_Growth']"
Khichdi,177,25.96,61.04,7.72,Madhura (Sweet),Ushna (Hot),Amla (Sour),Favor,Favor,Avoid,East Indian,"['Diabetes', 'Joint_Pain', 'Weight_Loss']"
Plum,587,4.87,23.78,23.59,Tikta (Bitter),Ushna (Hot),Katu (Pungent),Avoid,Avoid,Neutral,North Indian,['Hair_Growth']
Kashmiri Pulao,141,30.51,28.8,17.19,Madhura (Sweet),Shita (Cold),Katu (Pungent),Avoid,Avoid,Favor,West Indian,"['Immunity', 'Weight_Gain']"
Leeks,55,28.49,47.01,13.83,Madhura (Sweet),Shita (Cold),Katu (Pungent),Avoid,Favor,Favor,North Indian,['Skin_Health']
Jalebi,251,27.43,35.77,16.74,Madhura (Sweet),Ushna (Hot),Amla (Sour),Favor,Favor,Favor,West Indian,"['Acidity', 'Hair_Growth', 'Joint_Pain']"
Ragi,251,11.82,66.39,31.54,Katu (Pungent),Ushna (Hot),Katu (Pungent),Avoid,Avoid,Favor,South Indian,['Immunity']
Ginger,225,21.93,53.89,27.39,Madhura (Sweet),Shita (Cold),Amla (Sour),Favor,Avoid,Avoid,South Indian,"['Diabetes', 'Digestion']"
Nectarine,177,25.17,24.19,14.54,Amla (Sour),Shita (Cold),Katu (Pungent),Avoid,Favor,Avoid,West Indian,"['Digestion', 'Skin_Health', 'General_Wellness']"
Chhole Bhature,563,11.1,36.35,9.17,Kashaya (Astringent),Shita (Cold),Amla (Sour),Avoid,Avoid,Favor,West Indian,"['Digestion', 'Diabetes']"
Onion,431,15.13,65.58,9.0,Katu (Pungent),Ushna (Hot),Katu (Pungent),Avoid,Avoid,Favor,South Indian,"['Joint_Pain', 'Immunity']"
Jackfruit,344,13.3,56.13,7.67,Amla (Sour),Ushna (Hot),Amla (Sour),Favor,Avoid,Avoid,East Indian,"['Joint_Pain', 'Weight_Loss']"
Kale,357,10.63,35.48,29.87,Madhura (Sweet),Ushna (Hot),Madhura (Sweet),Favor,Favor,Favor,North Indian,['Weight_Loss']
Puran Poli,598,35.78,60.93,1.71,Amla (Sour),Shita (Cold),Amla (Sour),Favor,Avoid,Avoid,West Indian,"['Acidity', 'Digestion']"
Curry,451,35.76,38.14,5.43,Amla (Sour),Ushna (Hot),Madhura (Sweet),Avoid,Avoid,Favor,North Indian,"['Stress', 'Hair_Growth']"
Wheat,285,19.08,67.76,20.24,Madhura (Sweet),Shita (Cold),Madhura (Sweet),Favor,Favor,Favor,West Indian,"['Digestion', 'Hair_Growth']"
Karela Juice,495,3.89,50.26,28.33,Kashaya (Astringent),Shita (Cold),Madhura (Sweet),Favor,Neutral,Favor,South Indian,['Hair_Growth']
Lentils,429,34.75,47.32,14.66,Amla (Sour),Shita (Cold),Madhura (Sweet),Favor,Avoid,Favor,East Indian,"['Diabetes', 'Weight_Gain', 'Stress']"
Dal Bati Churma,148,22.35,64.13,28.72,Madhura (Sweet),Shita (Cold),Madhura (Sweet),Avoid,Favor,Favor,West Indian,['Digestion']
Onion,436,28.97,41.17,18.45,Lavana (Salty),Shita (Cold),Amla (Sour),Avoid,Favor,Favor,East Indian,"['Weight_Loss', 'Digestion']"
Edamame,374,7.95,32.5,21.86,Tikta (Bitter),Ushna (Hot),Madhura (Sweet),Avoid,Avoid,Avoid,South Indian,['General_Wellness']
Vada,408,36.52,63.6,1.17,Tikta (Bitter),Ushna (Hot),Amla (Sour),Neutral,Avoid,Favor,East Indian,"['Hair_Growth', 'Weight_Loss']"
Beef,468,18.25,59.96,12.1,Amla (Sour),Shita (Cold),Katu (Pungent),Favor,Favor,Favor,East Indian,"['Weight_Loss', 'Stress']"
White Rice,319,9.86,31.87,5.65,Amla (Sour),Ushna (Hot),Madhura (Sweet),Avoid,Favor,Avoid,South Indian,"['Weight_Loss', 'Joint_Pain']"
Persimmon,185,26.45,24.69,2.31,Madhura (Sweet),Shita (Cold),Madhura (Sweet),Avoid,Favor,Neutral,East Indian,['General_Wellness']
Black Salt,96,32.86,69.95,6.44,Katu (Pungent),Shita (Cold),Katu (Pungent),Favor,Favor,Avoid,North Indian,"['Joint_Pain', 'Weight_Loss']"
Hazelnut,294,16.54,61.79,11.04,Madhura (Sweet),Ushna (Hot),Amla (Sour),Avoid,Favor,Avoid,North Indian,"['Heart_Health', 'Immunity']"
Cauliflower,108,27.74,57.7,33.48,Lavana (Salty),Shita (Cold),Madhura (Sweet),Neutral,Neutral,Avoid,East Indian,"['Diabetes', 'Skin_Health']"
Kiwi,137,3.47,19.56,19.01,Madhura (Sweet),Shita (Cold),Madhura (Sweet),Avoid,Favor,Favor,North Indian,"['Skin_Health', 'Weight_Loss']"
Tandoori Chicken,387,36.64,30.92,21.94,Lavana (Salty),Ushna (Hot),Katu (Pungent),Favor,Favor,Avoid,East Indian,['Diabetes']
Jowar,72,21.16,69.92,8.83,Katu (Pungent),Ushna (Hot),Katu (Pungent),Avoid,Favor,Avoid,South Indian,"['Hair_Growth', 'Heart_Health', 'General_Wellness']"
Samosa Chaat,469,2.36,65.66,9.45,Kashaya (Astringent),Ushna (Hot),Madhura (Sweet),Favor,Avoid,Favor,East Indian,['Weight_Gain']
Buckwheat,404,29.72,6.53,7.58,Madhura (Sweet),Ushna (Hot),Madhura (Sweet),Avoid,Neutral,Favor,South Indian,"['Joint_Pain', 'Hair_Growth']"
Thali,201,19.1,30.34,13.89,Amla (Sour),Ushna (Hot),Amla (Sour),Favor,Favor,Favor,East Indian,"['Diabetes', 'Digestion']"
Thali,264,11.8,35.51,16.37,Amla (Sour),Shita (Cold),Katu (Pungent),Favor,Avoid,Avoid,West Indian,"['Immunity', 'Skin_Health']"
Raj Kachori,278,33.75,8.27,8.66,Madhura (Sweet),Shita (Cold),Madhura (Sweet),Neutral,Neutral,Favor,West Indian,"['Stress', 'General_Wellness', 'Weight_Loss']"
Cod,150,36.51,65.33,2.77,Amla (Sour),Ushna (Hot),Katu (Pungent),Neutral,Favor,Avoid,East Indian,"['Joint_Pain', 'Immunity', 'Skin_Health']"
Couscous,79,8.16,41.48,25.98,Madhura (Sweet),Ushna (Hot),Madhura (Sweet),Neutral,Avoid,Avoid,West Indian,['Stress']
Passion Fruit,485,26.91,22.94,10.18,Amla (Sour),Shita (Cold),Katu (Pungent),Avoid,Avoid,Favor,East Indian,['Immunity']
Aloe Vera Juice,358,34.67,39.37,9.55,Tikta (Bitter),Ushna (Hot),Katu (Pungent),Avoid,Favor,Avoid,West Indian,"['Weight_Loss', 'Digestion']"
Fish Curry,172,31.31,22.11,32.32,Amla (Sour),Ushna (Hot),Madhura (Sweet),Avoid,Avoid,Avoid,North Indian,"['Weight_Gain', 'Acidity']"
Jackfruit,599,38.0,32.68,5.18,Amla (Sour),Shita (Cold),Amla (Sour),Neutral,Favor,Favor,West Indian,"['Hair_Growth', 'Weight_Gain', 'Diabetes']"
Rice,252,6.08,12.59,0.89,Madhura (Sweet),Ushna (Hot),Amla (Sour),Favor,Avoid,Neutral,East Indian,['Weight_Loss']
Banana,59,22.67,30.39,16.83,Lavana (Salty),Shita (Cold),Katu (Pungent),Favor,Avoid,Neutral,South Indian,"['Diabetes', 'Immunity', 'Weight_Gain']"
Shrimp,355,37.32,52.13,14.13,Madhura (Sweet),Shita (Cold),Katu (Pungent),Neutral,Neutral,Avoid,West Indian,"['Weight_Gain', 'Acidity']"
Pomegranate,480,36.03,14.46,4.75,Amla (Sour),Shita (Cold),Amla (Sour),Avoid,Favor,Favor,North Indian,['Acidity']
Cashew,105,34.01,59.18,3.19,Madhura (Sweet),Ushna (Hot),Madhura (Sweet),Avoid,Avoid,Avoid,West Indian,"['Weight_Loss', 'Digestion', 'Skin_Health']"
Onion Bhaji,493,36.72,67.47,10.77,Katu (Pungent),Ushna (Hot),Amla (Sour),Favor,Favor,Avoid,West Indian,"['Digestion', 'Immunity', 'Skin_Health']"
Masala Dosa,253,22.22,41.18,24.75,Kashaya (Astringent),Ushna (Hot),Katu (Pungent),Avoid,Avoid,Favor,East Indian,"['General_Wellness', 'Immunity']"
Pumpkin,522,22.28,75.8,14.17,Kashaya (Astringent),Ushna (Hot),Katu (Pungent),Favor,Favor,Favor,South Indian,"['Stress', 'Acidity']"
Green Cardamom,196,39.43,75.93,7.3,Amla (Sour),Ushna (Hot),Madhura (Sweet),Avoid,Favor,Favor,East Indian,"['Immunity', 'Weight_Loss']"
Goat Cheese,521,22.04,35.21,20.81,Madhura (Sweet),Ushna (Hot),Madhura (Sweet),Avoid,Avoid,Avoid,South Indian,"['Stress', 'Weight_Gain']"
Lemon Grass,172,2.7,56.72,10.9,Madhura (Sweet),Ushna (Hot),Katu (Pungent),Favor,Avoid,Avoid,West Indian,"['Skin_Health', 'Hair_Growth', 'Weight_Loss']"
Avocado,306,33.36,41.39,19.25,Katu (Pungent),Ushna (Hot),Madhura (Sweet),Favor,Favor,Avoid,West Indian,['Immunity']
Coconut Oil,233,28.71,21.21,6.83,Amla (Sour),Ushna (Hot),Katu (Pungent),Favor,Avoid,Favor,North Indian,['Diabetes']
Saffron,436,34.01,62.05,6.3,Tikta (Bitter),Ushna (Hot),Katu (Pungent),Avoid,Favor,Favor,East Indian,"['Weight_Loss', 'Stress', 'Weight_Gain']"
Baingan Bharta,383,25.22,8.01,31.6,Madhura (Sweet),Ushna (Hot),Amla (Sour),Avoid,Avoid,Avoid,North Indian,['Stress']
Sambar,436,5.61,9.07,25.53,Lavana (Salty),Ushna (Hot),Madhura (Sweet),Favor,Avoid,Favor,North Indian,"['Weight_Loss', 'Digestion', 'General_Wellness']"
Dark Chocolate,146,34.31,20.96,23.57,Katu (Pungent),Shita (Cold),Amla (Sour),Neutral,Favor,Avoid,South Indian,"['Heart_Health', 'Digestion']"
Nectarine,552,38.54,62.72,17.35,Katu (Pungent),Shita (Cold),Madhura (Sweet),Avoid,Favor,Favor,North Indian,"['Diabetes', 'Joint_Pain']"
Quinoa,70,6.53,21.84,17.76,Tikta (Bitter),Ushna (Hot),Amla (Sour),Avoid,Favor,Avoid,West Indian,"['Skin_Health', 'Weight_Loss']"
Onion,356,23.76,42.54,30.02,Madhura (Sweet),Ushna (Hot),Madhura (Sweet),Favor,Favor,Avoid,South Indian,"['Hair_Growth', 'Acidity']"
Potato,391,5.57,76.35,21.97,Madhura (Sweet),Shita (Cold),Amla (Sour),Favor,Neutral,Favor,West Indian,['Acidity']
Handvo,57,10.44,66.85,21.49,Katu (Pungent),Shita (Cold),Madhura (Sweet),Avoid,Avoid,Avoid,South Indian,['Immunity']
Ragi,144,36.35,29.01,23.62,Kashaya (Astringent),Ushna (Hot),Katu (Pungent),Avoid,Favor,Avoid,East Indian,"['Immunity', 'Acidity']"
Triphala,218,29.72,31.05,24.0,Katu (Pungent),Ushna (Hot),Madhura (Sweet),Favor,Favor,Avoid,North Indian,['Diabetes']
Sunflower Oil,187,19.1,29.95,15.62,Tikta (Bitter),Ushna (Hot),Amla (Sour),Avoid,Avoid,Favor,North Indian,"['Weight_Loss', 'Diabetes']"
Green Chilli,144,20.13,53.17,1.82,Tikta (Bitter),Ushna (Hot),Madhura (Sweet),Favor,Avoid,Favor,North Indian,"['Weight_Loss', 'Immunity']"
Dum Aloo,310,4.8,9.01,32.85,Katu (Pungent),Ushna (Hot),Katu (Pungent),Favor,Favor,Avoid,West Indian,"['Immunity', 'Heart_Health', 'Weight_Loss']"
Cranberry,341,24.13,14.51,16.44,Tikta (Bitter),Shita (Cold),Madhura (Sweet),Favor,Neutral,Avoid,West Indian,"['Skin_Health', 'General_Wellness', 'Weight_Gain']"
Mushroom,272,5.5,29.5,15.58,Kashaya (Astringent),Shita (Cold),Amla (Sour),Favor,Neutral,Favor,South Indian,"['Diabetes', 'Heart_Health']"
Corn,232,19.58,65.49,6.7,Lavana (Salty),Shita (Cold),Madhura (Sweet),Avoid,Favor,Avoid,North Indian,"['General_Wellness', 'Hair_Growth']"
Bell Pepper,483,24.78,17.85,26.09,Amla (Sour),Shita (Cold),Madhura (Sweet),Favor,Favor,Avoid,West Indian,"['Weight_Gain', 'Stress']"
Almond,505,23.93,75.22,30.4,Madhura (Sweet),Shita (Cold),Amla (Sour),Favor,Favor,Avoid,South Indian,"['Joint_Pain', 'Weight_Loss']"
Parsley,190,37.44,52.44,10.45,Katu (Pungent),Shita (Cold),Katu (Pungent),Neutral,Favor,Favor,South Indian,['Immunity']
Mysore Pak,119,34.52,56.07,6.94,Madhura (Sweet),Shita (Cold),Katu (Pungent),Favor,Neutral,Favor,East Indian,['Weight_Gain']
Spinach,80,21.61,24.01,32.95,Tikta (Bitter),Ushna (Hot),Katu (Pungent),Avoid,Neutral,Avoid,West Indian,"['Stress', 'Acidity']"
Brussels Sprouts,209,6.77,66.02,1.73,Tikta (Bitter),Ushna (Hot),Katu (Pungent),Favor,Avoid,Avoid,North Indian,"['Hair_Growth', 'General_Wellness']"
Rajma Chawal,218,13.52,57.35,27.76,Lavana (Salty),Ushna (Hot),Madhura (Sweet),Favor,Favor,Favor,North Indian,"['Weight_Gain', 'Digestion', 'Acidity']"
Cinnamon,195,39.41,27.33,21.19,Lavana (Salty),Ushna (Hot),Madhura (Sweet),Favor,Avoid,Avoid,North Indian,"['Stress', 'General_Wellness']"
Farro,141,23.44,42.06,25.75,Lavana (Salty),Shita (Cold),Katu (Pungent),Favor,Avoid,Avoid,West Indian,"['Acidity', 'Heart_Health', 'Diabetes']"
Strawberry,212,23.93,21.59,9.78,Tikta (Bitter),Ushna (Hot),Madhura (Sweet),Neutral,Favor,Avoid,West Indian,"['Acidity', 'Diabetes', 'Skin_Health']"
Kashmiri Pulao,587,6.61,13.53,14.68,Madhura (Sweet),Ushna (Hot),Katu (Pungent),Favor,Favor,Neutral,East Indian,"['Weight_Loss', 'Heart_Health', 'Digestion']"
Dal Tadka,488,6.3,31.35,34.94,Amla (Sour),Shita (Cold),Madhura (Sweet),Favor,Favor,Neutral,North Indian,"['Hair_Growth', 'General_Wellness']"
Flax Seeds,416,4.17,72.03,18.78,Amla (Sour),Ushna (Hot),Katu (Pungent),Favor,Favor,Avoid,North Indian,"['Heart_Health', 'Weight_Gain', 'Stress']"
Persimmon,171,21.62,16.53,32.3,Tikta (Bitter),Ushna (Hot),Amla (Sour),Favor,Avoid,Avoid,West Indian,"['Diabetes', 'Immunity', 'Heart_Health']"
Cumin,563,23.27,77.08,22.15,Lavana (Salty),Shita (Cold),Katu (Pungent),Neutral,Favor,Avoid,South Indian,"['Hair_Growth', 'Weight_Gain', 'Digestion']"
Gulab Jamun,554,27.57,68.23,14.26,Katu (Pungent),Shita (Cold),Katu (Pungent),Favor,Avoid,Favor,East Indian,['Weight_Loss']
Dum Aloo,211,33.4,22.07,18.59,Kashaya (Astringent),Ushna (Hot),Amla (Sour),Favor,Avoid,Avoid,North Indian,"['Diabetes', 'Immunity']"
Handvo,75,28.79,38.82,3.98,Lavana (Salty),Ushna (Hot),Katu (Pungent),Favor,Favor,Avoid,West Indian,"['Immunity', 'Diabetes', 'Heart_Health']"
Green Gram,373,11.77,76.15,6.36,Tikta (Bitter),Shita (Cold),Madhura (Sweet),Favor,Favor,Avoid,East Indian,"['Hair_Growth', 'Digestion']"
Lobster,91,20.47,28.53,5.39,Madhura (Sweet),Shita (Cold),Madhura (Sweet),Avoid,Avoid,Neutral,West Indian,"['Digestion', 'General_Wellness']"
Black Pepper,393,36.4,11.23,7.09,Kashaya (Astringent),Ushna (Hot),Madhura (Sweet),Favor,Avoid,Avoid,North Indian,"['Diabetes', 'Hair_Growth', 'Stress']"
Cranberry,575,6.77,63.99,1.12,Kashaya (Astringent),Shita (Cold),Katu (Pungent),Avoid,Favor,Avoid,South Indian,['Diabetes']
Orange,463,6.82,75.02,30.42,Lavana (Salty),Shita (Cold),Madhura (Sweet),Avoid,Avoid,Favor,East Indian,"['Immunity', 'General_Wellness']"
Raita,356,3.38,46.34,24.95,Kashaya (Astringent),Ushna (Hot),Katu (Pungent),Neutral,Favor,Favor,West Indian,"['Immunity', 'General_Wellness']"
Orange,415,31.77,77.21,4.87,Madhura (Sweet),Ushna (Hot),Madhura (Sweet),Favor,Favor,Favor,West Indian,"['Heart_Health', 'Hair_Growth']"
Bajra,57,9.53,15.06,2.45,Madhura (Sweet),Ushna (Hot),Katu (Pungent),Favor,Favor,Neutral,East Indian,"['Digestion', 'Stress', 'Joint_Pain']"
Jowar Roti,513,30.79,48.68,24.27,Lavana (Salty),Shita (Cold),Amla (Sour),Favor,Neutral,Favor,South Indian,['Hair_Growth']
White Chocolate,301,29.8,32.52,4.16,Lavana (Salty),Shita (Cold),Katu (Pungent),Favor,Avoid,Avoid,South Indian,"['Joint_Pain', 'Stress']"
Chana Dal,439,2.17,28.5,18.67,Tikta (Bitter),Ushna (Hot),Amla (Sour),Favor,Favor,Neutral,South Indian,"['Immunity', 'Joint_Pain']"
Poha,534,3.54,34.31,27.78,Katu (Pungent),Shita (Cold),Amla (Sour),Favor,Avoid,Favor,South Indian,['General_Wellness']
Cheddar,260,2.53,54.28,13.1,Madhura (Sweet),Ushna (Hot),Amla (Sour),Avoid,Favor,Favor,North Indian,['Weight_Loss']
Pomegranate,314,2.96,59.22,28.46,Lavana (Salty),Ushna (Hot),Madhura (Sweet),Favor,Favor,Favor,West Indian,['Digestion']
Chickpeas,227,33.48,64.12,9.44,Kashaya (Astringent),Ushna (Hot),Madhura (Sweet),Favor,Favor,Favor,West Indian,"['General_Wellness', 'Joint_Pain', 'Heart_Health']"
Rajma Chawal,360,4.99,17.89,2.54,Katu (Pungent),Ushna (Hot),Madhura (Sweet),Avoid,Favor,Favor,South Indian,['Heart_Health']
Chia Seeds,219,31.86,39.68,32.96,Lavana (Salty),Ushna (Hot),Amla (Sour),Avoid,Avoid,Favor,North Indian,"['Diabetes', 'Acidity', 'Digestion']"
Bell Pepper,447,38.57,67.56,17.39,Madhura (Sweet),Shita (Cold),Amla (Sour),Favor,Avoid,Favor,West Indian,['General_Wellness']
Rajma Chawal,215,38.78,69.72,15.98,Lavana (Salty),Ushna (Hot),Madhura (Sweet),Favor,Favor,Avoid,West Indian,"['Hair_Growth', 'Joint_Pain']"
Bhindi Masala,141,27.49,57.73,10.56,Katu (Pungent),Ushna (Hot),Amla (Sour),Avoid,Favor,Neutral,East Indian,"['Heart_Health', 'Immunity', 'Acidity']"
Dal Tadka,424,24.17,45.38,16.18,Katu (Pungent),Shita (Cold),Katu (Pungent),Favor,Favor,Favor,West Indian,['General_Wellness']
Walnut,180,16.37,40.49,22.25,Amla (Sour),Ushna (Hot),Amla (Sour),Favor,Favor,Favor,North Indian,['Acidity']
Millet,256,12.26,20.51,23.06,Madhura (Sweet),Shita (Cold),Madhura (Sweet),Avoid,Favor,Neutral,East Indian,"['Weight_Loss', 'Joint_Pain']"
Pani Puri,468,34.05,20.28,26.13,Tikta (Bitter),Ushna (Hot),Madhura (Sweet),Avoid,Avoid,Neutral,North Indian,"['Weight_Gain', 'Heart_Health', 'Stress']"
Dal Bati Churma,281,29.41,55.78,18.53,Amla (Sour),Ushna (Hot),Katu (Pungent),Neutral,Favor,Favor,North Indian,"['Digestion', 'Diabetes', 'Hair_Growth']"
Vegetable Korma,473,37.76,70.06,10.42,Amla (Sour),Shita (Cold),Madhura (Sweet),Favor,Favor,Avoid,West Indian,"['Diabetes', 'Digestion', 'Immunity']"
Persimmon,390,35.59,38.91,30.07,Tikta (Bitter),Shita (Cold),Madhura (Sweet),Neutral,Neutral,Favor,North Indian,['Diabetes']
Kidney Beans,565,16.88,51.64,33.92,Tikta (Bitter),Ushna (Hot),Madhura (Sweet),Favor,Avoid,Favor,East Indian,['Immunity']
Dahi Puri,281,17.13,43.52,28.21,Kashaya (Astringent),Ushna (Hot),Madhura (Sweet),Favor,Neutral,Favor,South Indian,['Acidity']
Black Salt,230,27.99,64.4,10.6,Tikta (Bitter),Shita (Cold),Madhura (Sweet),Favor,Favor,Neutral,North Indian,"['Weight_Gain', 'Immunity']"
Yogurt,261,10.2,16.9,11.29,Katu (Pungent),Shita (Cold),Katu (Pungent),Favor,Favor,Avoid,North Indian,['Acidity']
Sooji ka Halwa,214,4.52,32.51,14.39,Amla (Sour),Ushna (Hot),Katu (Pungent),Avoid,Avoid,Avoid,North Indian,"['Digestion', 'Heart_Health']"
Buckwheat,363,36.31,34.59,34.35,Amla (Sour),Ushna (Hot),Madhura (Sweet),Favor,Favor,Neutral,West Indian,['Weight_Loss']
Custard Apple,324,19.76,23.01,31.36,Kashaya (Astringent),Shita (Cold),Madhura (Sweet),Favor,Avoid,Avoid,South Indian,"['Weight_Gain', 'Digestion', 'Acidity']"
Coconut Burfi,342,37.23,49.14,14.57,Tikta (Bitter),Ushna (Hot),Katu (Pungent),Neutral,Favor,Favor,North Indian,['Weight_Loss']
Persimmon,292,23.06,46.91,24.89,Amla (Sour),Shita (Cold),Katu (Pungent),Neutral,Favor,Favor,South Indian,"['Hair_Growth', 'Acidity', 'Skin_Health']"
Brussels Sprouts,318,32.71,18.21,21.41,Kashaya (Astringent),Shita (Cold),Katu (Pungent),Favor,Favor,Favor,South Indian,['Hair_Growth']
Flax Seeds,139,38.59,49.21,16.76,Lavana (Salty),Ushna (Hot),Madhura (Sweet),Avoid,Favor,Favor,South Indian,['Weight_Gain']
Yogurt,594,3.2,24.39,31.57,Katu (Pungent),Ushna (Hot),Madhura (Sweet),Avoid,Avoid,Neutral,East Indian,"['Hair_Growth', 'Immunity', 'Skin_Health']"
Almond,505,19.26,33.94,34.38,Katu (Pungent),Shita (Cold),Madhura (Sweet),Favor,Favor,Favor,West Indian,"['Weight_Gain', 'Stress', 'Hair_Growth']"
Olive Oil,563,30.42,19.77,27.32,Katu (Pungent),Ushna (Hot),Amla (Sour),Avoid,Favor,Favor,North Indian,"['Stress', 'Weight_Gain']"
Fish Curry,96,11.68,24.74,19.69,Katu (Pungent),Shita (Cold),Katu (Pungent),Avoid,Favor,Favor,South Indian,"['General_Wellness', 'Stress']"
Puran Poli,468,9.03,13.52,12.28,Madhura (Sweet),Shita (Cold),Amla (Sour),Avoid,Favor,Favor,East Indian,"['Heart_Health', 'Diabetes']"
Cilantro,137,12.72,21.41,18.51,Amla (Sour),Shita (Cold),Madhura (Sweet),Avoid,Favor,Favor,East Indian,['Weight_Gain']
Carrot,94,22.3,68.14,20.63,Lavana (Salty),Shita (Cold),Katu (Pungent),Favor,Avoid,Avoid,East Indian,"['Digestion', 'Weight_Loss', 'Hair_Growth']"
Fennel Seeds,586,5.14,14.46,6.9,Amla (Sour),Shita (Cold),Amla (Sour),Favor,Favor,Neutral,South Indian,['Weight_Loss']
Papaya,95,25.39,5.96,24.49,Lavana (Salty),Shita (Cold),Madhura (Sweet),Avoid,Avoid,Avoid,East Indian,"['Digestion', 'Joint_Pain', 'Heart_Health']"
Kashmiri Pulao,65,15.54,5.55,2.6,Madhura (Sweet),Ushna (Hot),Amla (Sour),Avoid,Neutral,Favor,West Indian,['Digestion']
Rock Salt,483,25.06,52.01,22.51,Katu (Pungent),Ushna (Hot),Amla (Sour),Neutral,Avoid,Avoid,South Indian,"['Acidity', 'Immunity']"
Coconut,342,26.81,42.67,25.39,Amla (Sour),Ushna (Hot),Amla (Sour),Favor,Favor,Neutral,East Indian,['Digestion']
Lemon,595,30.72,77.33,4.45,Kashaya (Astringent),Shita (Cold),Katu (Pungent),Favor,Avoid,Avoid,West Indian,['Weight_Loss']
Apple,558,14.26,53.37,29.88,Amla (Sour),Shita (Cold),Katu (Pungent),Avoid,Favor,Avoid,West Indian,"['Joint_Pain', 'Acidity']"
Strawberry,370,16.97,24.9,6.3,Katu (Pungent),Shita (Cold),Amla (Sour),Avoid,Favor,Favor,North Indian,['Joint_Pain']
Ragi,558,23.23,51.87,3.83,Tikta (Bitter),Ushna (Hot),Madhura (Sweet),Neutral,Favor,Neutral,North Indian,"['Heart_Health', 'Digestion']"
Coconut Oil,118,24.02,26.5,13.16,Madhura (Sweet),Ushna (Hot),Madhura (Sweet),Neutral,Favor,Avoid,South Indian,['General_Wellness']
Barley,106,21.29,65.6,13.2,Tikta (Bitter),Ushna (Hot),Amla (Sour),Favor,Favor,Avoid,North Indian,"['Stress', 'Digestion']"
Mutton Curry,323,11.76,39.21,1.54,Amla (Sour),Ushna (Hot),Amla (Sour),Favor,Neutral,Neutral,East Indian,"['Digestion', 'Heart_Health', 'Joint_Pain']"
Almond,95,9.64,74.19,29.92,Katu (Pungent),Shita (Cold),Katu (Pungent),Avoid,Favor,Neutral,West Indian,['Diabetes']
Fafda,402,9.77,30.35,16.71,Amla (Sour),Ushna (Hot),Madhura (Sweet),Favor,Avoid,Avoid,South Indian,['General_Wellness']
Flax Seeds,409,21.5,70.41,10.47,Lavana (Salty),Shita (Cold),Katu (Pungent),Avoid,Avoid,Avoid,West Indian,"['Digestion', 'Joint_Pain', 'Weight_Loss']"
Samosa,296,28.77,65.21,8.74,Madhura (Sweet),Ushna (Hot),Amla (Sour),Favor,Avoid,Avoid,West Indian,"['Heart_Health', 'Joint_Pain']"
Rogan Josh,66,22.33,56.72,23.93,Amla (Sour),Shita (Cold),Madhura (Sweet),Avoid,Favor,Avoid,West Indian,"['General_Wellness', 'Immunity']"
Millet,278,17.55,45.81,19.25,Katu (Pungent),Shita (Cold),Amla (Sour),Avoid,Avoid,Favor,North Indian,"['Immunity', 'Joint_Pain']"
Lemon Grass,89,10.32,42.24,10.06,Lavana (Salty),Ushna (Hot),Madhura (Sweet),Favor,Favor,Favor,East Indian,"['Immunity', 'Hair_Growth']"
Peanut Oil,564,18.31,35.59,4.43,Madhura (Sweet),Shita (Cold),Amla (Sour),Favor,Neutral,Favor,North Indian,['Skin_Health']
Potato,297,30.07,76.99,23.91,Madhura (Sweet),Shita (Cold),Katu (Pungent),Avoid,Favor,Avoid,South Indian,"['Weight_Loss', 'Weight_Gain', 'Heart_Health']"
Cod,571,37.8,9.82,14.38,Lavana (Salty),Shita (Cold),Amla (Sour),Avoid,Neutral,Avoid,North Indian,"['Diabetes', 'Acidity']"
Black-eyed Peas,60,35.83,33.8,25.92,Amla (Sour),Ushna (Hot),Katu (Pungent),Avoid,Favor,Favor,East Indian,"['General_Wellness', 'Weight_Gain', 'Immunity']"
Dal Bati Churma,454,11.01,38.6,7.02,Tikta (Bitter),Ushna (Hot),Amla (Sour),Favor,Favor,Avoid,West Indian,"['Skin_Health', 'Stress', 'Acidity']"
Lemon Grass,264,31.35,37.6,11.91,Madhura (Sweet),Shita (Cold),Katu (Pungent),Favor,Favor,Favor,South Indian,"['Digestion', 'Acidity']"
Sooji ka Halwa,297,12.56,79.75,31.32,Katu (Pungent),Shita (Cold),Madhura (Sweet),Avoid,Favor,Avoid,East Indian,['Digestion']
Onion,551,36.29,70.68,28.15,Katu (Pungent),Shita (Cold),Madhura (Sweet),Favor,Favor,Avoid,East Indian,['Weight_Gain']
Bell Pepper,229,24.88,41.98,27.61,Lavana (Salty),Ushna (Hot),Katu (Pungent),Favor,Avoid,Favor,North Indian,"['Diabetes', 'Immunity']"
Papaya,256,28.44,62.43,15.72,Tikta (Bitter),Shita (Cold),Madhura (Sweet),Favor,Avoid,Favor,South Indian,"['Diabetes', 'Acidity']"
Millet,220,24.96,70.99,11.7,Kashaya (Astringent),Shita (Cold),Katu (Pungent),Favor,Favor,Avoid,North Indian,"['Immunity', 'Hair_Growth']"
Radish,74,17.93,19.55,10.33,Lavana (Salty),Shita (Cold),Katu (Pungent),Avoid,Favor,Avoid,East Indian,"['Hair_Growth', 'General_Wellness', 'Diabetes']"
Onion,259,4.16,7.21,6.65,Madhura (Sweet),Ushna (Hot),Katu (Pungent),Favor,Avoid,Avoid,East Indian,"['Joint_Pain', 'Weight_Gain', 'Weight_Loss']"
Carrot,298,31.04,45.47,4.95,Lavana (Salty),Shita (Cold),Katu (Pungent),Favor,Avoid,Favor,South Indian,['Digestion']
Matar Paneer,69,30.65,13.28,16.64,Tikta (Bitter),Ushna (Hot),Katu (Pungent),Avoid,Favor,Avoid,West Indian,['Heart_Health']
Eggplant,325,33.49,66.72,7.02,Madhura (Sweet),Ushna (Hot),Katu (Pungent),Neutral,Favor,Avoid,East Indian,"['Stress', 'Digestion']"
Star Anise,230,7.73,64.45,31.12,Kashaya (Astringent),Shita (Cold),Katu (Pungent),Favor,Favor,Avoid,West Indian,['Hair_Growth']
Rosemary,570,29.19,59.12,10.24,Tikta (Bitter),Ushna (Hot),Amla (Sour),Avoid,Favor,Favor,East Indian,"['Joint_Pain', 'Heart_Health']"
Brown Rice,201,8.09,5.58,26.48,Kashaya (Astringent),Ushna (Hot),Katu (Pungent),Favor,Favor,Favor,East Indian,"['Weight_Loss', 'Acidity', 'Immunity']"
Asparagus,435,4.82,39.85,21.74,Lavana (Salty),Shita (Cold),Amla (Sour),Avoid,Neutral,Favor,South Indian,"['Diabetes', 'Weight_Loss', 'Weight_Gain']"
Chutney,258,10.31,23.22,22.66,Amla (Sour),Ushna (Hot),Amla (Sour),Favor,Favor,Avoid,West Indian,"['Weight_Gain', 'Joint_Pain', 'Stress']"
Farro,229,15.8,68.35,14.93,Lavana (Salty),Ushna (Hot),Madhura (Sweet),Avoid,Avoid,Favor,North Indian,"['Stress', 'General_Wellness', 'Digestion']"
Upma,114,37.96,60.0,22.49,Amla (Sour),Ushna (Hot),Madhura (Sweet),Avoid,Favor,Avoid,South Indian,['Hair_Growth']
Papad,459,35.86,42.21,28.95,Amla (Sour),Ushna (Hot),Katu (Pungent),Favor,Favor,Avoid,South Indian,"['Stress', 'Joint_Pain']"
Cloves,579,18.0,10.14,18.12,Katu (Pungent),Shita (Cold),Madhura (Sweet),Avoid,Favor,Avoid,North Indian,"['Weight_Gain', 'Acidity']"
Goat Cheese,339,20.63,31.87,29.06,Katu (Pungent),Ushna (Hot),Amla (Sour),Favor,Avoid,Favor,North Indian,"['Joint_Pain', 'Immunity', 'Digestion']"
Parsley,326,12.59,40.32,32.17,Tikta (Bitter),Ushna (Hot),Katu (Pungent),Avoid,Favor,Favor,East Indian,['Joint_Pain']
Dates,502,37.58,6.39,15.6,Amla (Sour),Ushna (Hot),Madhura (Sweet),Avoid,Favor,Avoid,South Indian,['Acidity']
Jalebi,441,38.27,40.89,24.62,Amla (Sour),Ushna (Hot),Amla (Sour),Neutral,Neutral,Neutral,South Indian,['Skin_Health']
Litchi,519,31.74,39.15,24.58,Tikta (Bitter),Ushna (Hot),Amla (Sour),Favor,Favor,Favor,East Indian,"['Digestion', 'Diabetes']"
Black Salt,325,2.78,77.18,16.45,Kashaya (Astringent),Ushna (Hot),Katu (Pungent),Favor,Favor,Favor,West Indian,['Hair_Growth']
Triphala,544,31.67,21.13,25.19,Lavana (Salty),Ushna (Hot),Madhura (Sweet),Avoid,Neutral,Neutral,South Indian,"['Digestion', 'Joint_Pain']"
Guava,356,12.33,17.73,25.29,Kashaya (Astringent),Ushna (Hot),Madhura (Sweet),Avoid,Avoid,Favor,North Indian,"['Heart_Health', 'General_Wellness']"
Pumpkin,497,31.75,60.97,21.36,Lavana (Salty),Ushna (Hot),Madhura (Sweet),Favor,Avoid,Favor,East Indian,"['Joint_Pain', 'Acidity', 'Stress']"
Crab,276,31.62,48.14,34.49,Lavana (Salty),Shita (Cold),Amla (Sour),Neutral,Favor,Avoid,North Indian,"['General_Wellness', 'Stress', 'Skin_Health']"
Avocado,183,30.71,25.03,16.95,Madhura (Sweet),Ushna (Hot),Amla (Sour),Favor,Favor,Avoid,West Indian,"['Hair_Growth', 'Digestion']"
Arugula,397,5.63,54.42,22.83,Madhura (Sweet),Ushna (Hot),Madhura (Sweet),Favor,Avoid,Favor,North Indian,['Weight_Loss']
Thyme,271,38.92,39.98,11.03,Madhura (Sweet),Shita (Cold),Katu (Pungent),Avoid,Avoid,Neutral,West Indian,['General_Wellness']
Tofu,139,15.85,31.48,22.45,Amla (Sour),Ushna (Hot),Amla (Sour),Favor,Neutral,Neutral,West Indian,"['Hair_Growth', 'Digestion']"
Samosa Chaat,318,35.82,23.37,25.67,Lavana (Salty),Ushna (Hot),Amla (Sour),Favor,Avoid,Avoid,East Indian,['Weight_Gain']
Lassi,120,33.86,76.22,30.49,Amla (Sour),Shita (Cold),Katu (Pungent),Favor,Favor,Avoid,North Indian,['Acidity']
Sweet Potato,446,8.63,26.45,18.33,Lavana (Salty),Shita (Cold),Amla (Sour),Avoid,Favor,Favor,South Indian,"['Diabetes', 'Immunity', 'Digestion']"
Salmon,190,35.87,65.29,6.85,Tikta (Bitter),Shita (Cold),Amla (Sour),Neutral,Avoid,Avoid,East Indian,['Hair_Growth']
Cumin,294,37.34,30.76,33.74,Madhura (Sweet),Shita (Cold),Amla (Sour),Favor,Favor,Neutral,South Indian,"['Immunity', 'Weight_Gain', 'Weight_Loss']"
Vada,254,35.06,50.37,21.69,Amla (Sour),Ushna (Hot),Katu (Pungent),Avoid,Avoid,Avoid,East Indian,"['Hair_Growth', 'Digestion', 'Heart_Health']"
Cucumber,129,35.23,61.19,32.88,Tikta (Bitter),Shita (Cold),Madhura (Sweet),Favor,Favor,Favor,South Indian,"['General_Wellness', 'Joint_Pain']"
Saffron,425,15.28,60.64,26.61,Tikta (Bitter),Ushna (Hot),Katu (Pungent),Avoid,Avoid,Favor,South Indian,"['General_Wellness', 'Joint_Pain']"
Green Gram,108,38.37,9.53,15.79,Katu (Pungent),Shita (Cold),Katu (Pungent),Favor,Favor,Avoid,West Indian,"['Joint_Pain', 'Skin_Health', 'Acidity']"
Salmon,91,20.43,72.96,29.31,Kashaya (Astringent),Shita (Cold),Madhura (Sweet),Neutral,Favor,Favor,West Indian,"['Acidity', 'Stress']"
Chaas,71,29.7,74.59,11.98,Lavana (Salty),Ushna (Hot),Katu (Pungent),Favor,Avoid,Favor,South Indian,"['Hair_Growth', 'Diabetes']"
Beetroot,268,9.69,25.27,17.91,Lavana (Salty),Shita (Cold),Amla (Sour),Avoid,Avoid,Favor,West Indian,['Heart_Health']
Sesame Seeds,377,19.83,13.75,13.19,Katu (Pungent),Ushna (Hot),Madhura (Sweet),Avoid,Favor,Neutral,North Indian,"['Immunity', 'Weight_Loss']"
Curry,355,10.74,16.11,23.06,Kashaya (Astringent),Shita (Cold),Madhura (Sweet),Avoid,Avoid,Avoid,North Indian,['Skin_Health']
Black Cardamom,274,36.54,6.59,12.51,Kashaya (Astringent),Shita (Cold),Amla (Sour),Favor,Avoid,Favor,South Indian,['Weight_Loss']
Chhole Bhature,546,11.17,17.61,34.04,Amla (Sour),Shita (Cold),Madhura (Sweet),Favor,Favor,Favor,West Indian,"['Joint_Pain', 'Immunity', 'Weight_Gain']"
Maple Syrup,64,20.7,12.07,6.42,Amla (Sour),Shita (Cold),Amla (Sour),Neutral,Neutral,Favor,South Indian,['Skin_Health']
Garlic,233,25.71,39.52,1.86,Katu (Pungent),Ushna (Hot),Amla (Sour),Avoid,Avoid,Favor,West Indian,"['Digestion', 'General_Wellness']"
Coriander,169,34.6,34.35,31.16,Tikta (Bitter),Shita (Cold),Madhura (Sweet),Favor,Favor,Favor,North Indian,['Diabetes']
Rasmalai,101,17.38,38.41,30.64,Madhura (Sweet),Shita (Cold),Katu (Pungent),Favor,Favor,Favor,West Indian,['Skin_Health']
Vada,423,26.32,42.11,29.8,Katu (Pungent),Shita (Cold),Katu (Pungent),Favor,Favor,Favor,North Indian,"['Acidity', 'General_Wellness']"
Black Cardamom,484,24.72,20.88,29.86,Tikta (Bitter),Shita (Cold),Madhura (Sweet),Avoid,Avoid,Avoid,North Indian,['Weight_Gain']
Pork,174,13.97,45.64,3.65,Amla (Sour),Ushna (Hot),Madhura (Sweet),Neutral,Favor,Favor,North Indian,"['Heart_Health', 'Hair_Growth']"
Masoor Dal,172,19.17,77.65,3.39,Tikta (Bitter),Shita (Cold),Madhura (Sweet),Favor,Favor,Favor,West Indian,"['Skin_Health', 'Heart_Health', 'Weight_Loss']"
Oregano,346,2.76,57.43,9.23,Tikta (Bitter),Shita (Cold),Amla (Sour),Neutral,Avoid,Favor,South Indian,"['Diabetes', 'Acidity']"
Gulab Jamun,197,3.59,40.33,14.23,Amla (Sour),Shita (Cold),Amla (Sour),Avoid,Avoid,Avoid,South Indian,['Hair_Growth']
Carrot,386,30.46,55.04,34.7,Tikta (Bitter),Shita (Cold),Katu (Pungent),Neutral,Avoid,Favor,West Indian,"['Diabetes', 'Stress']"
Lemon,320,36.63,66.55,4.91,Kashaya (Astringent),Shita (Cold),Amla (Sour),Avoid,Favor,Favor,West Indian,"['Immunity', 'Hair_Growth', 'Weight_Loss']"
Pumpkin Seeds,157,5.05,64.26,15.09,Tikta (Bitter),Ushna (Hot),Amla (Sour),Neutral,Favor,Favor,West Indian,"['Digestion', 'Stress']"
Bhindi Masala,335,28.37,17.48,27.63,Amla (Sour),Shita (Cold),Amla (Sour),Avoid,Favor,Favor,South Indian,"['Digestion', 'Immunity']"
Dosa,115,22.19,20.09,10.32,Kashaya (Astringent),Shita (Cold),Madhura (Sweet),Favor,Favor,Avoid,South Indian,"['Weight_Loss', 'Weight_Gain']"
Turmeric,443,33.1,32.47,21.25,Katu (Pungent),Ushna (Hot),Katu (Pungent),Neutral,Avoid,Favor,West Indian,"['Hair_Growth', 'Skin_Health', 'Immunity']"
Dhokla,263,34.76,72.01,7.2,Kashaya (Astringent),Ushna (Hot),Madhura (Sweet),Favor,Avoid,Favor,West Indian,['Heart_Health']
Tuna,201,25.79,26.51,33.94,Madhura (Sweet),Shita (Cold),Katu (Pungent),Favor,Neutral,Favor,West Indian,"['Digestion', 'Weight_Gain']"
Shahi Tukda,329,9.35,46.54,13.71,Katu (Pungent),Ushna (Hot),Amla (Sour),Favor,Favor,Avoid,South Indian,['Stress']
Watermelon,385,26.39,40.4,31.82,Kashaya (Astringent),Shita (Cold),Katu (Pungent),Avoid,Favor,Favor,East Indian,"['Skin_Health', 'Joint_Pain']"
Litchi,586,2.04,50.01,10.3,Madhura (Sweet),Shita (Cold),Amla (Sour),Favor,Favor,Favor,South Indian,['General_Wellness']
Thepla,580,21.91,47.91,29.93,Madhura (Sweet),Ushna (Hot),Amla (Sour),Avoid,Favor,Favor,East Indian,"['Hair_Growth', 'Weight_Gain', 'Acidity']"
Fish Curry,235,33.76,66.09,18.91,Amla (Sour),Shita (Cold),Katu (Pungent),Favor,Favor,Favor,South Indian,"['Skin_Health', 'Weight_Loss', 'Diabetes']"
Tempeh,538,14.08,64.72,15.39,Madhura (Sweet),Shita (Cold),Katu (Pungent),Avoid,Favor,Favor,North Indian,"['Digestion', 'Heart_Health']"
Cranberry,77,22.3,55.92,30.64,Lavana (Salty),Ushna (Hot),Amla (Sour),Avoid,Avoid,Favor,North Indian,"['Heart_Health', 'Digestion']"
Mushroom,70,14.56,11.77,19.91,Tikta (Bitter),Shita (Cold),Amla (Sour),Avoid,Favor,Favor,North Indian,['Stress']
Broccoli,421,19.78,14.55,22.91,Katu (Pungent),Shita (Cold),Katu (Pungent),Favor,Avoid,Favor,East Indian,"['Acidity', 'Heart_Health']"
Millet,128,16.89,28.25,9.18,Amla (Sour),Shita (Cold),Katu (Pungent),Favor,Favor,Neutral,South Indian,"['Skin_Health', 'Digestion', 'Weight_Gain']"
Plum,514,14.2,21.87,30.79,Kashaya (Astringent),Shita (Cold),Katu (Pungent),Avoid,Avoid,Favor,North Indian,"['Digestion', 'Immunity', 'General_Wellness']"
Rosemary,382,14.36,74.25,14.9,Kashaya (Astringent),Shita (Cold),Katu (Pungent),Favor,Avoid,Avoid,West Indian,"['Digestion', 'Stress', 'Acidity']"
Bhel Puri,468,15.59,26.81,21.71,Katu (Pungent),Ushna (Hot),Katu (Pungent),Avoid,Avoid,Avoid,East Indian,"['Digestion', 'Hair_Growth']"
Karela Juice,336,30.53,24.92,20.23,Tikta (Bitter),Ushna (Hot),Madhura (Sweet),Neutral,Favor,Favor,North Indian,"['Hair_Growth', 'Joint_Pain', 'Heart_Health']"
Dark Chocolate,283,12.44,59.8,29.22,Amla (Sour),Shita (Cold),Madhura (Sweet),Avoid,Favor,Avoid,North Indian,"['Acidity', 'Skin_Health', 'Weight_Loss']"
Handvo,248,2.53,62.89,30.69,Katu (Pungent),Shita (Cold),Katu (Pungent),Neutral,Avoid,Favor,North Indian,"['Joint_Pain', 'Digestion', 'Immunity']"
Raj Kachori,305,39.69,7.9,4.93,Lavana (Salty),Shita (Cold),Katu (Pungent),Avoid,Favor,Favor,West Indian,"['Skin_Health', 'Weight_Gain']"
Kheer,111,24.39,51.98,19.06,Madhura (Sweet),Shita (Cold),Amla (Sour),Avoid,Favor,Neutral,South Indian,['Digestion']
Bay Leaf,325,35.74,57.03,14.11,Katu (Pungent),Ushna (Hot),Madhura (Sweet),Favor,Avoid,Favor,North Indian,"['Heart_Health', 'Stress']"
Rock Salt,62,8.29,63.29,8.4,Tikta (Bitter),Shita (Cold),Katu (Pungent),Favor,Avoid,Favor,North Indian,['Digestion']
Raj Kachori,580,14.89,58.24,2.15,Tikta (Bitter),Ushna (Hot),Madhura (Sweet),Favor,Favor,Avoid,North Indian,['General_Wellness']
Pongal,192,32.64,17.31,15.77,Kashaya (Astringent),Ushna (Hot),Amla (Sour),Avoid,Neutral,Avoid,North Indian,"['Hair_Growth', 'Weight_Loss']"
Sweet Potato,252,27.52,19.71,23.67,Kashaya (Astringent),Ushna (Hot),Amla (Sour),Avoid,Avoid,Favor,East Indian,"['Hair_Growth', 'General_Wellness', 'Diabetes']"
Beef,243,31.51,29.09,12.8,Lavana (Salty),Shita (Cold),Madhura (Sweet),Avoid,Avoid,Avoid,North Indian,['Hair_Growth']
Cherry,203,21.24,6.92,32.4,Madhura (Sweet),Shita (Cold),Madhura (Sweet),Neutral,Favor,Favor,North Indian,['Digestion']
Onion,290,13.08,14.66,30.01,Amla (Sour),Shita (Cold),Amla (Sour),Neutral,Avoid,Favor,South Indian,['Weight_Gain']
Oats,361,14.9,13.11,17.97,Katu (Pungent),Ushna (Hot),Madhura (Sweet),Favor,Favor,Avoid,East Indian,"['Hair_Growth', 'Stress']"
Amla,93,17.39,77.15,3.31,Amla (Sour),Ushna (Hot),Katu (Pungent),Favor,Avoid,Avoid,East Indian,"['Weight_Gain', 'Immunity', 'Heart_Health']"
Millet,295,20.3,44.85,10.94,Amla (Sour),Shita (Cold),Amla (Sour),Favor,Favor,Avoid,North Indian,"['Stress', 'Acidity']"
Puri Bhaji,166,34.0,22.25,0.7,Kashaya (Astringent),Shita (Cold),Madhura (Sweet),Avoid,Avoid,Favor,South Indian,"['Digestion', 'Hair_Growth']"
Green Gram,584,17.97,48.28,30.62,Tikta (Bitter),Shita (Cold),Katu (Pungent),Favor,Avoid,Favor,North Indian,"['Diabetes', 'Digestion', 'General_Wellness']"
Moong Dal,419,36.65,76.19,28.99,Lavana (Salty),Ushna (Hot),Amla (Sour),Favor,Neutral,Favor,East Indian,['Weight_Loss']
Couscous,243,13.97,44.28,17.25,Lavana (Salty),Shita (Cold),Amla (Sour),Favor,Favor,Avoid,West Indian,"['Diabetes', 'Weight_Loss']"
Asafoetida,357,14.04,57.82,9.22,Kashaya (Astringent),Ushna (Hot),Madhura (Sweet),Avoid,Favor,Favor,East Indian,"['Acidity', 'Joint_Pain', 'General_Wellness']"
Mozzarella,533,24.66,67.68,26.55,Lavana (Salty),Ushna (Hot),Madhura (Sweet),Favor,Avoid,Avoid,East Indian,['Joint_Pain']
Blueberry,398,35.33,34.64,16.59,Tikta (Bitter),Ushna (Hot),Amla (Sour),Avoid,Neutral,Favor,West Indian,"['Weight_Loss', 'Hair_Growth', 'Weight_Gain']"
Bhindi Masala,242,19.71,12.01,24.89,Katu (Pungent),Ushna (Hot),Madhura (Sweet),Favor,Favor,Avoid,South Indian,['Stress']
Barley,90,13.82,41.78,27.16,Madhura (Sweet),Shita (Cold),Madhura (Sweet),Favor,Avoid,Avoid,West Indian,"['Hair_Growth', 'Diabetes']"
Upma,397,34.73,65.98,1.65,Amla (Sour),Shita (Cold),Madhura (Sweet),Favor,Favor,Favor,North Indian,['Skin_Health']
Toor Dal,468,14.52,33.62,21.82,Kashaya (Astringent),Shita (Cold),Madhura (Sweet),Neutral,Avoid,Favor,East Indian,['Weight_Gain']
Tomato,117,12.36,70.62,26.95,Madhura (Sweet),Ushna (Hot),Amla (Sour),Favor,Favor,Avoid,East Indian,"['Immunity', 'Weight_Gain']"
Cottage Cheese,477,17.32,75.17,33.27,Katu (Pungent),Ushna (Hot),Katu (Pungent),Favor,Avoid,Favor,West Indian,"['Weight_Gain', 'Digestion']"
Saffron,380,14.31,55.92,19.93,Katu (Pungent),Ushna (Hot),Amla (Sour),Favor,Avoid,Favor,West Indian,"['Diabetes', 'Weight_Gain']"
Pork,336,34.46,6.67,21.53,Katu (Pungent),Ushna (Hot),Amla (Sour),Favor,Avoid,Favor,West Indian,['Heart_Health']
Bajra Roti,135,24.05,21.91,2.74,Amla (Sour),Ushna (Hot),Madhura (Sweet),Avoid,Neutral,Avoid,South Indian,"['Acidity', 'Stress']"
Olive Oil,295,16.54,29.44,8.7,Kashaya (Astringent),Shita (Cold),Amla (Sour),Avoid,Avoid,Avoid,West Indian,['Weight_Loss']
Cod,389,25.6,66.46,26.77,Amla (Sour),Shita (Cold),Madhura (Sweet),Neutral,Avoid,Favor,West Indian,"['Hair_Growth', 'Diabetes']"
Strawberry,198,18.24,74.89,10.36,Tikta (Bitter),Shita (Cold),Amla (Sour),Avoid,Neutral,Favor,South Indian,"['Weight_Gain', 'Joint_Pain']"
Besan Ladoo,350,9.1,43.27,18.75,Lavana (Salty),Shita (Cold),Amla (Sour),Avoid,Favor,Avoid,North Indian,"['Acidity', 'Stress', 'Joint_Pain']"
Chaas,294,24.03,5.08,31.57,Tikta (Bitter),Ushna (Hot),Madhura (Sweet),Favor,Avoid,Favor,West Indian,['Hair_Growth']
Chia Seeds,481,12.05,16.24,3.6,Katu (Pungent),Ushna (Hot),Katu (Pungent),Favor,Favor,Favor,West Indian,"['General_Wellness', 'Diabetes', 'Heart_Health']"
Sesame Oil,472,25.37,8.55,21.64,Lavana (Salty),Shita (Cold),Madhura (Sweet),Favor,Avoid,Avoid,West Indian,['Weight_Loss']
Raita,547,26.52,26.18,10.7,Madhura (Sweet),Shita (Cold),Katu (Pungent),Favor,Avoid,Avoid,North Indian,"['Hair_Growth', 'Heart_Health']"
Soybeans,418,24.0,22.39,2.11,Madhura (Sweet),Shita (Cold),Amla (Sour),Avoid,Favor,Avoid,South Indian,"['Weight_Gain', 'Weight_Loss']"
Chhole Bhature,67,34.65,35.26,14.25,Katu (Pungent),Shita (Cold),Katu (Pungent),Favor,Neutral,Neutral,South Indian,['Stress']
Pav Bhaji,524,37.04,61.34,20.85,Amla (Sour),Shita (Cold),Katu (Pungent),Favor,Avoid,Neutral,South Indian,['Joint_Pain']
Oregano,517,19.1,60.82,16.61,Katu (Pungent),Shita (Cold),Amla (Sour),Favor,Avoid,Avoid,West Indian,"['Immunity', 'Weight_Gain']"
Rasgulla,507,26.8,50.91,27.68,Katu (Pungent),Ushna (Hot),Katu (Pungent),Avoid,Favor,Favor,East Indian,['Skin_Health']
Chole Kulche,310,20.57,71.75,29.66,Amla (Sour),Shita (Cold),Amla (Sour),Favor,Favor,Favor,North Indian,['Hair_Growth']
Sooji ka Halwa,134,11.88,75.64,18.79,Amla (Sour),Ushna (Hot),Katu (Pungent),Avoid,Avoid,Avoid,North Indian,['Weight_Loss']
Pongal,368,37.36,71.75,27.61,Lavana (Salty),Shita (Cold),Katu (Pungent),Favor,Neutral,Avoid,East Indian,"['Joint_Pain', 'General_Wellness', 'Weight_Loss']"
Giloy,442,17.18,78.95,3.97,Katu (Pungent),Shita (Cold),Amla (Sour),Favor,Avoid,Favor,West Indian,['Weight_Loss']
Mace,302,33.27,45.52,8.19,Tikta (Bitter),Ushna (Hot),Katu (Pungent),Avoid,Avoid,Favor,East Indian,"['Weight_Gain', 'General_Wellness', 'Hair_Growth']"
Buckwheat,389,20.34,75.52,10.63,Amla (Sour),Ushna (Hot),Katu (Pungent),Avoid,Avoid,Favor,North Indian,"['Diabetes', 'Weight_Loss']"
Flax Seeds,81,6.15,76.17,17.35,Lavana (Salty),Ushna (Hot),Katu (Pungent),Favor,Avoid,Avoid,West Indian,['Stress']
Sugarcane Juice,577,10.22,10.21,20.18,Amla (Sour),Shita (Cold),Katu (Pungent),Avoid,Avoid,Avoid,East Indian,"['Immunity', 'General_Wellness']"
Arugula,517,30.26,30.43,16.09,Amla (Sour),Shita (Cold),Katu (Pungent),Favor,Favor,Avoid,North Indian,"['Weight_Loss', 'Digestion', 'Acidity']"
Bok Choy,442,23.46,69.57,28.85,Tikta (Bitter),Ushna (Hot),Madhura (Sweet),Favor,Avoid,Favor,East Indian,"['Hair_Growth', 'Weight_Gain', 'Joint_Pain']"
Asparagus,297,15.92,7.76,31.7,Amla (Sour),Ushna (Hot),Madhura (Sweet),Neutral,Avoid,Avoid,East Indian,"['General_Wellness', 'Weight_Gain']"
Apricot,473,19.97,72.48,12.1,Madhura (Sweet),Ushna (Hot),Katu (Pungent),Avoid,Favor,Favor,West Indian,['Weight_Loss']
Thyme,198,33.86,69.16,29.17,Kashaya (Astringent),Ushna (Hot),Katu (Pungent),Favor,Neutral,Favor,West Indian,"['Heart_Health', 'Weight_Loss']"
Rogan Josh,337,19.63,38.75,20.64,Amla (Sour),Shita (Cold),Katu (Pungent),Favor,Avoid,Favor,North Indian,['Skin_Health']
Thali,469,27.78,26.46,9.2,Lavana (Salty),Shita (Cold),Madhura (Sweet),Favor,Favor,Avoid,South Indian,['Weight_Gain']
Macadamia,429,15.5,48.07,29.24,Lavana (Salty),Ushna (Hot),Madhura (Sweet),Favor,Avoid,Avoid,North Indian,['Skin_Health']
Cardamom,467,11.0,42.69,9.86,Tikta (Bitter),Ushna (Hot),Madhura (Sweet),Favor,Avoid,Favor,South Indian,"['Hair_Growth', 'Weight_Gain']"
Goat Cheese,520,36.25,11.74,5.05,Madhura (Sweet),Ushna (Hot),Amla (Sour),Avoid,Avoid,Favor,North Indian,"['Skin_Health', 'Hair_Growth']"
Bajra,146,26.78,15.1,18.39,Tikta (Bitter),Shita (Cold),Amla (Sour),Avoid,Avoid,Favor,East Indian,"['Stress', 'Heart_Health']"
Thyme,518,36.36,65.39,9.97,Katu (Pungent),Ushna (Hot),Madhura (Sweet),Avoid,Favor,Favor,West Indian,['Immunity']
Green Cardamom,354,22.27,69.35,25.92,Madhura (Sweet),Ushna (Hot),Katu (Pungent),Neutral,Avoid,Favor,West Indian,"['Weight_Gain', 'General_Wellness']"
Grape,194,28.85,71.98,33.48,Lavana (Salty),Ushna (Hot),Katu (Pungent),Neutral,Favor,Favor,West Indian,"['Digestion', 'Acidity']"
Bok Choy,278,35.09,70.26,20.47,Kashaya (Astringent),Shita (Cold),Madhura (Sweet),Avoid,Favor,Neutral,West Indian,"['Hair_Growth', 'Weight_Gain', 'Stress']"
Sesame Seeds,520,27.35,72.19,20.44,Tikta (Bitter),Ushna (Hot),Katu (Pungent),Favor,Favor,Favor,West Indian,"['Weight_Loss', 'Heart_Health', 'Hair_Growth']"
Biryani,357,26.96,37.73,27.75,Tikta (Bitter),Ushna (Hot),Madhura (Sweet),Favor,Favor,Favor,South Indian,"['Skin_Health', 'General_Wellness', 'Joint_Pain']"
Cinnamon,95,5.55,17.95,0.92,Madhura (Sweet),Shita (Cold),Katu (Pungent),Avoid,Neutral,Favor,East Indian,"['General_Wellness', 'Weight_Loss', 'Weight_Gain']"
Corn,62,17.48,47.33,27.86,Kashaya (Astringent),Shita (Cold),Madhura (Sweet),Neutral,Favor,Avoid,North Indian,['General_Wellness']
Hazelnut,116,20.02,40.09,1.65,Katu (Pungent),Ushna (Hot),Madhura (Sweet),Avoid,Favor,Favor,East Indian,"['Weight_Gain', 'Acidity']"
Endive,155,17.12,55.6,2.42,Madhura (Sweet),Ushna (Hot),Madhura (Sweet),Favor,Favor,Favor,East Indian,"['Diabetes', 'Joint_Pain', 'Weight_Loss']"
Apple,484,39.83,59.79,8.35,Kashaya (Astringent),Shita (Cold),Madhura (Sweet),Avoid,Favor,Neutral,South Indian,"['Joint_Pain', 'Digestion']"
Olive Oil,271,13.25,70.32,0.64,Amla (Sour),Ushna (Hot),Madhura (Sweet),Avoid,Favor,Favor,South Indian,"['Stress', 'Immunity', 'Acidity']"
Grape,152,8.59,12.38,11.79,Tikta (Bitter),Shita (Cold),Amla (Sour),Avoid,Favor,Favor,North Indian,"['Heart_Health', 'General_Wellness']"
Nectarine,82,9.46,46.11,16.13,Katu (Pungent),Shita (Cold),Madhura (Sweet),Favor,Favor,Avoid,West Indian,"['Immunity', 'Heart_Health', 'Stress']"
Chhole Bhature,506,27.22,16.35,4.06,Lavana (Salty),Shita (Cold),Amla (Sour),Favor,Avoid,Favor,North Indian,['General_Wellness']
Tea,567,35.2,28.05,32.88,Madhura (Sweet),Shita (Cold),Amla (Sour),Avoid,Avoid,Avoid,South Indian,"['Weight_Gain', 'Heart_Health', 'General_Wellness']"
Dosa,256,10.54,70.56,9.59,Madhura (Sweet),Shita (Cold),Katu (Pungent),Avoid,Favor,Favor,East Indian,"['General_Wellness', 'Immunity', 'Weight_Loss']"
Salmon,208,38.39,7.26,33.55,Tikta (Bitter),Ushna (Hot),Amla (Sour),Avoid,Favor,Avoid,East Indian,"['General_Wellness', 'Joint_Pain', 'Diabetes']"
Rock Salt,386,39.36,65.63,6.02,Amla (Sour),Ushna (Hot),Katu (Pungent),Avoid,Avoid,Avoid,South Indian,"['Heart_Health', 'Weight_Loss', 'Immunity']"
Barley,164,37.36,37.13,11.93,Amla (Sour),Shita (Cold),Amla (Sour),Avoid,Neutral,Favor,South Indian,"['Skin_Health', 'Heart_Health', 'General_Wellness']"
Leeks,89,3.23,48.97,19.61,Kashaya (Astringent),Shita (Cold),Amla (Sour),Avoid,Favor,Favor,North Indian,"['Joint_Pain', 'Immunity']"
Chutney,246,8.73,70.48,26.12,Tikta (Bitter),Shita (Cold),Amla (Sour),Neutral,Avoid,Favor,East Indian,"['Diabetes', 'Immunity']"
Jowar Roti,199,39.83,10.75,16.82,Lavana (Salty),Shita (Cold),Amla (Sour),Avoid,Avoid,Favor,North Indian,"['Diabetes', 'Hair_Growth']"
Dal Makhani,105,32.23,52.37,11.46,Amla (Sour),Shita (Cold),Madhura (Sweet),Favor,Favor,Avoid,South Indian,['Heart_Health']
Buttermilk,454,20.0,53.64,1.48,Madhura (Sweet),Shita (Cold),Madhura (Sweet),Avoid,Avoid,Favor,West Indian,"['General_Wellness', 'Digestion', 'Heart_Health']"
Wheat,419,25.87,46.04,8.48,Tikta (Bitter),Shita (Cold),Madhura (Sweet),Favor,Favor,Favor,South Indian,"['Joint_Pain', 'Skin_Health']"
Coconut Water,548,16.89,43.5,28.43,Katu (Pungent),Ushna (Hot),Amla (Sour),Avoid,Avoid,Favor,West Indian,"['Digestion', 'Hair_Growth', 'Stress']"
Agave Nectar,583,24.37,28.34,16.01,Tikta (Bitter),Ushna (Hot),Madhura (Sweet),Favor,Avoid,Favor,North Indian,['Hair_Growth']
Curry Leaves,356,10.84,51.27,18.06,Lavana (Salty),Ushna (Hot),Katu (Pungent),Avoid,Favor,Favor,South Indian,"['Joint_Pain', 'Digestion', 'Skin_Health']"
Sugarcane Juice,116,16.41,39.92,16.6,Madhura (Sweet),Ushna (Hot),Amla (Sour),Favor,Favor,Favor,North Indian,"['Immunity', 'Stress']"
Wheatgrass Juice,65,34.51,74.54,3.63,Kashaya (Astringent),Ushna (Hot),Katu (Pungent),Avoid,Favor,Avoid,West Indian,['Diabetes']
Kale,445,26.04,23.16,15.57,Katu (Pungent),Shita (Cold),Madhura (Sweet),Favor,Favor,Favor,South Indian,['Weight_Gain']
Masoor Dal,120,24.86,55.37,13.93,Lavana (Salty),Shita (Cold),Katu (Pungent),Avoid,Avoid,Neutral,East Indian,"['Immunity', 'Skin_Health']"
Guava,539,11.74,71.84,17.44,Amla (Sour),Ushna (Hot),Katu (Pungent),Neutral,Favor,Favor,South Indian,"['Weight_Gain', 'Digestion', 'Heart_Health']"
Thali,155,35.43,69.29,13.44,Tikta (Bitter),Ushna (Hot),Katu (Pungent),Favor,Favor,Neutral,North Indian,"['General_Wellness', 'Weight_Loss', 'Weight_Gain']"
Vada,392,5.94,14.64,3.65,Madhura (Sweet),Ushna (Hot),Katu (Pungent),Favor,Favor,Avoid,West Indian,"['Heart_Health', 'Joint_Pain', 'Hair_Growth']"
Rasam,269,2.22,8.88,32.11,Lavana (Salty),Ushna (Hot),Katu (Pungent),Favor,Favor,Avoid,East Indian,"['Immunity', 'Joint_Pain']"
Wheat,64,7.63,65.87,15.01,Lavana (Salty),Ushna (Hot),Madhura (Sweet),Favor,Favor,Favor,East Indian,['Weight_Loss']
Kashmiri Pulao,178,33.31,70.91,24.02,Madhura (Sweet),Shita (Cold),Katu (Pungent),Neutral,Avoid,Avoid,West Indian,['Weight_Loss']
White Chocolate,364,12.21,79.9,2.97,Lavana (Salty),Shita (Cold),Madhura (Sweet),Avoid,Favor,Favor,West Indian,"['Immunity', 'Weight_Loss', 'Hair_Growth']"
Chutney,106,28.64,75.18,23.47,Lavana (Salty),Shita (Cold),Madhura (Sweet),Favor,Avoid,Avoid,South Indian,"['Heart_Health', 'Hair_Growth', 'Digestion']"
Orange,291,13.55,24.89,4.96,Katu (Pungent),Ushna (Hot),Madhura (Sweet),Favor,Favor,Favor,North Indian,"['General_Wellness', 'Weight_Loss', 'Hair_Growth']"
Barley,238,32.07,46.98,12.86,Madhura (Sweet),Ushna (Hot),Amla (Sour),Favor,Favor,Favor,North Indian,"['Skin_Health', 'Weight_Gain', 'Joint_Pain']"
Pongal,381,25.01,57.91,23.97,Tikta (Bitter),Ushna (Hot),Amla (Sour),Avoid,Avoid,Favor,West Indian,"['General_Wellness', 'Weight_Loss', 'Digestion']"
Wheatgrass Juice,104,21.26,68.0,20.57,Amla (Sour),Ushna (Hot),Amla (Sour),Favor,Favor,Favor,South Indian,['Weight_Loss']
Lentils,484,17.32,33.06,9.83,Lavana (Salty),Ushna (Hot),Katu (Pungent),Avoid,Favor,Favor,South Indian,['Heart_Health']
Pistachio,168,2.05,51.21,7.02,Katu (Pungent),Ushna (Hot),Madhura (Sweet),Favor,Avoid,Favor,East Indian,['General_Wellness']
Matar Paneer,399,17.78,64.95,11.07,Tikta (Bitter),Shita (Cold),Katu (Pungent),Avoid,Favor,Favor,West Indian,"['Stress', 'Weight_Gain', 'Immunity']"
Vada,599,11.45,55.86,31.63,Katu (Pungent),Shita (Cold),Amla (Sour),Avoid,Favor,Avoid,South Indian,"['Acidity', 'Joint_Pain']"
Bitter Gourd,204,23.73,12.18,6.03,Madhura (Sweet),Ushna (Hot),Amla (Sour),Favor,Favor,Favor,East Indian,"['General_Wellness', 'Diabetes', 'Joint_Pain']"
Dal Tadka,106,12.46,40.53,27.25,Katu (Pungent),Ushna (Hot),Katu (Pungent),Favor,Favor,Favor,South Indian,['Acidity']
Roti,265,5.82,60.36,24.86,Madhura (Sweet),Ushna (Hot),Amla (Sour),Avoid,Avoid,Avoid,East Indian,"['Skin_Health', 'General_Wellness']"
Artichoke,199,36.76,48.13,25.97,Amla (Sour),Ushna (Hot),Madhura (Sweet),Favor,Favor,Favor,South Indian,"['Digestion', 'Joint_Pain', 'Heart_Health']"
Fafda,126,17.62,17.42,7.54,Amla (Sour),Shita (Cold),Madhura (Sweet),Favor,Favor,Neutral,South Indian,"['Stress', 'General_Wellness', 'Hair_Growth']"
Mysore Pak,199,15.17,67.69,26.67,Amla (Sour),Shita (Cold),Madhura (Sweet),Favor,Avoid,Avoid,North Indian,['Heart_Health']
Cheddar,212,30.42,34.81,7.76,Madhura (Sweet),Shita (Cold),Amla (Sour),Avoid,Favor,Avoid,East Indian,"['Weight_Loss', 'Skin_Health', 'Immunity']"
Toor Dal,269,7.2,41.62,9.43,Madhura (Sweet),Shita (Cold),Amla (Sour),Favor,Avoid,Favor,East Indian,"['Joint_Pain', 'Acidity', 'Diabetes']"
Wheat,395,33.82,50.98,6.45,Katu (Pungent),Shita (Cold),Madhura (Sweet),Avoid,Neutral,Avoid,South Indian,['Skin_Health']
Basmati Rice,576,24.37,74.24,26.31,Kashaya (Astringent),Shita (Cold),Madhura (Sweet),Avoid,Favor,Avoid,South Indian,"['Acidity', 'Skin_Health']"
Black Pepper,374,26.95,67.78,13.38,Amla (Sour),Ushna (Hot),Amla (Sour),Favor,Favor,Avoid,North Indian,['Immunity']
Samosa,120,24.29,50.98,28.81,Kashaya (Astringent),Ushna (Hot),Madhura (Sweet),Favor,Favor,Neutral,West Indian,"['Acidity', 'Digestion', 'Weight_Loss']"
Turnip,448,28.27,57.13,15.34,Amla (Sour),Shita (Cold),Amla (Sour),Favor,Favor,Avoid,North Indian,"['Stress', 'Diabetes', 'Acidity']"
Brazil Nut,146,4.21,57.22,2.32,Kashaya (Astringent),Ushna (Hot),Katu (Pungent),Favor,Favor,Favor,South Indian,['Weight_Loss']
Kofta,256,16.29,20.02,14.79,Madhura (Sweet),Shita (Cold),Madhura (Sweet),Neutral,Favor,Favor,East Indian,"['General_Wellness', 'Acidity']"
Sapota,204,9.31,25.3,29.96,Lavana (Salty),Ushna (Hot),Katu (Pungent),Avoid,Avoid,Neutral,West Indian,['Joint_Pain']
Cumin,552,34.34,74.87,34.05,Amla (Sour),Ushna (Hot),Katu (Pungent),Avoid,Avoid,Favor,West Indian,['Hair_Growth']
Cauliflower,498,36.48,51.84,10.94,Katu (Pungent),Shita (Cold),Amla (Sour),Avoid,Avoid,Neutral,North Indian,"['Joint_Pain', 'Skin_Health']"
Guava,360,29.17,41.53,15.17,Katu (Pungent),Shita (Cold),Madhura (Sweet),Avoid,Avoid,Favor,North Indian,"['Digestion', 'Hair_Growth', 'Acidity']"
Rasam,369,27.44,29.44,20.31,Madhura (Sweet),Shita (Cold),Amla (Sour),Avoid,Favor,Avoid,West Indian,"['General_Wellness', 'Joint_Pain', 'Digestion']"
Jackfruit,96,26.02,65.05,16.1,Katu (Pungent),Shita (Cold),Katu (Pungent),Avoid,Avoid,Avoid,South Indian,"['Acidity', 'Skin_Health']"
Artichoke,83,10.21,71.34,3.45,Katu (Pungent),Shita (Cold),Amla (Sour),Favor,Favor,Favor,West Indian,"['Digestion', 'Acidity']"
Black Cardamom,453,4.31,22.79,15.2,Lavana (Salty),Shita (Cold),Madhura (Sweet),Avoid,Neutral,Favor,North Indian,"['Immunity', 'Acidity']"
Persimmon,69,4.48,38.28,29.85,Kashaya (Astringent),Ushna (Hot),Amla (Sour),Favor,Favor,Favor,South Indian,"['Immunity', 'Skin_Health']"
Hazelnut,465,23.74,51.19,27.74,Katu (Pungent),Shita (Cold),Amla (Sour),Favor,Avoid,Avoid,North Indian,"['Acidity', 'Weight_Loss']"
Kale,324,38.49,25.71,9.0,Tikta (Bitter),Shita (Cold),Katu (Pungent),Avoid,Neutral,Avoid,South Indian,"['Digestion', 'Joint_Pain', 'Weight_Gain']"
White Rice,546,14.28,24.53,26.47,Tikta (Bitter),Shita (Cold),Amla (Sour),Avoid,Avoid,Favor,East Indian,['Digestion']
Buttermilk,75,37.08,47.38,11.86,Kashaya (Astringent),Shita (Cold),Katu (Pungent),Avoid,Favor,Favor,East Indian,['Weight_Gain']
Lobster,183,23.3,73.6,23.77,Madhura (Sweet),Shita (Cold),Madhura (Sweet),Avoid,Neutral,Favor,North Indian,"['General_Wellness', 'Stress', 'Skin_Health']"
Bhindi Masala,303,28.67,22.04,0.64,Lavana (Salty),Shita (Cold),Madhura (Sweet),Avoid,Avoid,Favor,South Indian,"['Weight_Gain', 'Diabetes']"
Bok Choy,419,13.45,20.07,27.21,Tikta (Bitter),Shita (Cold),Madhura (Sweet),Favor,Neutral,Neutral,North Indian,['Hair_Growth']
Couscous,404,4.52,46.39,4.12,Katu (Pungent),Shita (Cold),Katu (Pungent),Avoid,Avoid,Favor,South Indian,"['Diabetes', 'Weight_Gain']"
Jasmine Rice,433,10.96,39.6,16.8,Kashaya (Astringent),Ushna (Hot),Amla (Sour),Avoid,Avoid,Avoid,South Indian,['Hair_Growth']
Dum Aloo,547,19.87,44.77,9.61,Katu (Pungent),Ushna (Hot),Amla (Sour),Avoid,Avoid,Favor,North Indian,['Joint_Pain']
Sev Puri,106,10.34,60.07,26.63,Lavana (Salty),Ushna (Hot),Madhura (Sweet),Neutral,Favor,Favor,North Indian,['Weight_Gain']
Mace,252,15.83,10.45,20.12,Kashaya (Astringent),Ushna (Hot),Madhura (Sweet),Favor,Neutral,Favor,West Indian,['Skin_Health']
Onion Bhaji,101,10.35,53.76,31.7,Katu (Pungent),Shita (Cold),Katu (Pungent),Favor,Favor,Neutral,South Indian,"['Stress', 'Immunity']"
Sambar,59,31.79,72.29,15.64,Lavana (Salty),Ushna (Hot),Katu (Pungent),Favor,Favor,Avoid,North Indian,"['Hair_Growth', 'Digestion']"
Jaggery,506,22.11,5.75,12.18,Amla (Sour),Shita (Cold),Madhura (Sweet),Avoid,Favor,Favor,North Indian,"['General_Wellness', 'Hair_Growth']"
Halwa,576,5.6,31.01,1.76,Katu (Pungent),Ushna (Hot),Amla (Sour),Favor,Avoid,Avoid,West Indian,"['Immunity', 'Hair_Growth']"
Vada,318,36.26,18.08,12.67,Madhura (Sweet),Shita (Cold),Madhura (Sweet),Avoid,Avoid,Avoid,North Indian,"['Heart_Health', 'Weight_Loss', 'Joint_Pain']"
Agave Nectar,430,36.64,33.46,29.42,Amla (Sour),Ushna (Hot),Amla (Sour),Avoid,Favor,Avoid,North Indian,"['Immunity', 'Diabetes', 'Stress']"
Rasgulla,262,9.09,52.73,17.75,Lavana (Salty),Shita (Cold),Madhura (Sweet),Favor,Avoid,Avoid,North Indian,"['Stress', 'Heart_Health']"
Dal Tadka,355,33.63,39.45,23.94,Lavana (Salty),Shita (Cold),Amla (Sour),Avoid,Favor,Avoid,East Indian,['Joint_Pain']
Feta,244,23.09,27.15,7.32,Katu (Pungent),Shita (Cold),Amla (Sour),Neutral,Favor,Avoid,East Indian,['Weight_Loss']
Couscous,589,35.18,7.41,31.41,Tikta (Bitter),Shita (Cold),Amla (Sour),Favor,Avoid,Avoid,South Indian,"['Skin_Health', 'Joint_Pain']"
Jowar,398,37.74,30.18,18.78,Amla (Sour),Shita (Cold),Amla (Sour),Favor,Favor,Avoid,East Indian,"['Digestion', 'Diabetes']"
Black Pepper,580,22.94,62.78,13.3,Madhura (Sweet),Shita (Cold),Katu (Pungent),Favor,Avoid,Avoid,North Indian,"['Skin_Health', 'Heart_Health']"
Ghee,213,3.41,15.56,32.15,Amla (Sour),Ushna (Hot),Madhura (Sweet),Avoid,Avoid,Favor,North Indian,"['Immunity', 'Diabetes', 'General_Wellness']"
Basil,267,11.97,29.64,4.22,Madhura (Sweet),Ushna (Hot),Madhura (Sweet),Favor,Favor,Favor,North Indian,"['Weight_Gain', 'Joint_Pain', 'Immunity']"
Masala Dosa,247,2.31,61.9,22.09,Amla (Sour),Shita (Cold),Katu (Pungent),Avoid,Favor,Avoid,East Indian,"['Weight_Gain', 'Skin_Health', 'Stress']"
Banana,288,30.61,54.33,20.55,Amla (Sour),Shita (Cold),Madhura (Sweet),Favor,Avoid,Favor,West Indian,['Hair_Growth']
Thali,116,32.15,7.57,34.4,Kashaya (Astringent),Shita (Cold),Katu (Pungent),Avoid,Neutral,Avoid,South Indian,"['Stress', 'Joint_Pain', 'Weight_Loss']"
Star Fruit,226,37.25,12.08,13.29,Lavana (Salty),Shita (Cold),Katu (Pungent),Avoid,Favor,Avoid,South Indian,['Diabetes']
Jalebi,266,22.89,40.02,32.51,Amla (Sour),Shita (Cold),Katu (Pungent),Neutral,Neutral,Neutral,North Indian,['Skin_Health']
Turnip,138,16.96,27.71,16.39,Tikta (Bitter),Ushna (Hot),Amla (Sour),Favor,Favor,Favor,South Indian,['Joint_Pain']
Macadamia,68,36.2,31.11,4.35,Katu (Pungent),Shita (Cold),Madhura (Sweet),Favor,Avoid,Favor,East Indian,['Diabetes']
Farro,515,10.75,23.98,32.92,Katu (Pungent),Shita (Cold),Katu (Pungent),Avoid,Favor,Avoid,East Indian,"['Heart_Health', 'Diabetes', 'General_Wellness']"
Sapota,531,31.41,77.89,12.88,Katu (Pungent),Shita (Cold),Madhura (Sweet),Favor,Favor,Favor,East Indian,"['Acidity', 'Stress', 'Heart_Health']"
Yam,571,37.69,19.0,7.34,Madhura (Sweet),Shita (Cold),Madhura (Sweet),Favor,Avoid,Avoid,North Indian,"['Hair_Growth', 'Heart_Health', 'Joint_Pain']"
Garlic,338,6.17,36.85,1.11,Kashaya (Astringent),Ushna (Hot),Madhura (Sweet),Favor,Avoid,Avoid,South Indian,"['Weight_Gain', 'Skin_Health', 'Acidity']"
Sugar,481,36.3,45.75,20.42,Amla (Sour),Ushna (Hot),Amla (Sour),Favor,Avoid,Favor,South Indian,"['Immunity', 'Stress', 'Skin_Health']"
Black Salt,225,24.44,77.9,12.97,Tikta (Bitter),Shita (Cold),Katu (Pungent),Favor,Avoid,Favor,North Indian,"['Digestion', 'Stress']"
Sugar,248,2.99,11.75,10.39,Katu (Pungent),Shita (Cold),Amla (Sour),Favor,Avoid,Favor,West Indian,"['Stress', 'Joint_Pain']"
Mint,427,23.78,78.79,10.54,Amla (Sour),Ushna (Hot),Madhura (Sweet),Favor,Favor,Neutral,South Indian,"['Heart_Health', 'Weight_Gain']"
Dal Makhani,274,18.35,48.6,26.63,Amla (Sour),Ushna (Hot),Katu (Pungent),Favor,Neutral,Avoid,East Indian,"['Heart_Health', 'Skin_Health', 'Weight_Loss']"
Cloves,401,19.65,61.11,8.15,Kashaya (Astringent),Shita (Cold),Madhura (Sweet),Neutral,Neutral,Avoid,South Indian,"['Joint_Pain', 'Immunity']"
Kheer,252,33.46,17.27,30.56,Amla (Sour),Ushna (Hot),Madhura (Sweet),Avoid,Avoid,Neutral,West Indian,"['Skin_Health', 'Weight_Loss']"
Hyderabadi Biryani,144,38.28,10.73,3.81,Amla (Sour),Ushna (Hot),Katu (Pungent),Favor,Favor,Favor,North Indian,['Acidity']
Lassi,53,35.96,24.26,8.79,Lavana (Salty),Shita (Cold),Madhura (Sweet),Favor,Avoid,Avoid,South Indian,"['Diabetes', 'Joint_Pain', 'Weight_Gain']"
Pani Puri,460,30.18,57.01,9.15,Katu (Pungent),Ushna (Hot),Madhura (Sweet),Avoid,Avoid,Avoid,South Indian,"['Diabetes', 'Stress']"
Asparagus,383,13.48,37.4,18.71,Katu (Pungent),Shita (Cold),Katu (Pungent),Favor,Favor,Avoid,West Indian,"['Diabetes', 'Immunity']"
Black Cardamom,397,10.05,9.43,19.04,Lavana (Salty),Shita (Cold),Katu (Pungent),Favor,Favor,Favor,North Indian,"['Skin_Health', 'Immunity', 'Hair_Growth']"
Chia Seeds,170,3.07,78.47,34.32,Amla (Sour),Shita (Cold),Katu (Pungent),Favor,Favor,Avoid,North Indian,"['Weight_Gain', 'Hair_Growth', 'Joint_Pain']"
Garlic,217,35.28,44.32,14.59,Lavana (Salty),Ushna (Hot),Katu (Pungent),Neutral,Avoid,Favor,East Indian,['Digestion']
Masala Dosa,412,10.7,20.08,31.8,Lavana (Salty),Shita (Cold),Amla (Sour),Favor,Favor,Avoid,West Indian,"['Weight_Loss', 'Digestion', 'Immunity']"
Star Anise,270,33.91,26.91,32.62,Amla (Sour),Shita (Cold),Madhura (Sweet),Favor,Favor,Favor,South Indian,"['General_Wellness', 'Hair_Growth', 'Digestion']"
Soya Chunks,305,28.28,8.59,24.99,Lavana (Salty),Shita (Cold),Madhura (Sweet),Avoid,Avoid,Favor,North Indian,"['Weight_Gain', 'Stress']"
Jowar Roti,558,23.2,18.87,1.84,Tikta (Bitter),Shita (Cold),Katu (Pungent),Avoid,Favor,Avoid,West Indian,"['Heart_Health', 'Weight_Loss']"
Bhindi Masala,278,12.6,12.01,7.78,Tikta (Bitter),Shita (Cold),Amla (Sour),Favor,Neutral,Favor,East Indian,['Acidity']
Tandoori Chicken,91,21.25,32.07,27.53,Amla (Sour),Shita (Cold),Madhura (Sweet),Favor,Avoid,Avoid,North Indian,['Skin_Health']
Pakora,416,14.62,5.69,7.41,Amla (Sour),Ushna (Hot),Madhura (Sweet),Favor,Favor,Neutral,North Indian,"['Hair_Growth', 'Diabetes', 'Acidity']"
Chia Seeds,448,15.73,69.65,15.14,Tikta (Bitter),Shita (Cold),Amla (Sour),Favor,Favor,Neutral,South Indian,"['Joint_Pain', 'Diabetes', 'Weight_Gain']"
Naan,160,30.0,57.05,12.12,Madhura (Sweet),Ushna (Hot),Amla (Sour),Avoid,Neutral,Favor,South Indian,"['Stress', 'Immunity']"
Coffee,479,2.59,9.83,3.94,Lavana (Salty),Ushna (Hot),Madhura (Sweet),Favor,Favor,Favor,North Indian,"['Digestion', 'Joint_Pain']"
Farro,487,4.8,19.23,12.16,Tikta (Bitter),Shita (Cold),Madhura (Sweet),Neutral,Favor,Avoid,North Indian,['Digestion']
Edamame,427,38.71,43.57,16.84,Tikta (Bitter),Ushna (Hot),Amla (Sour),Neutral,Favor,Avoid,South Indian,['Heart_Health']
Karela Juice,260,25.95,38.15,22.19,Lavana (Salty),Shita (Cold),Amla (Sour),Favor,Favor,Avoid,East Indian,['Hair_Growth']
Oats,569,28.18,72.13,24.63,Amla (Sour),Shita (Cold),Amla (Sour),Avoid,Favor,Avoid,West Indian,"['Stress', 'Diabetes']"
Soya Chunks,551,4.71,40.05,6.55,Madhura (Sweet),Ushna (Hot),Katu (Pungent),Favor,Avoid,Favor,West Indian,"['Digestion', 'Immunity', 'Stress']"
Orange,377,30.84,13.87,13.26,Kashaya (Astringent),Shita (Cold),Amla (Sour),Avoid,Avoid,Favor,South Indian,"['General_Wellness', 'Joint_Pain']"
Rogan Josh,410,37.21,5.74,9.04,Amla (Sour),Ushna (Hot),Katu (Pungent),Avoid,Avoid,Avoid,West Indian,"['Immunity', 'Diabetes']"
Basil,371,19.96,28.3,30.53,Tikta (Bitter),Shita (Cold),Katu (Pungent),Avoid,Neutral,Avoid,North Indian,"['Weight_Loss', 'Heart_Health']"
Sugarcane Juice,335,19.4,61.43,27.85,Katu (Pungent),Ushna (Hot),Madhura (Sweet),Favor,Favor,Favor,East Indian,"['Acidity', 'Stress', 'Heart_Health']"
Endive,578,23.78,78.31,8.67,Kashaya (Astringent),Shita (Cold),Amla (Sour),Favor,Avoid,Neutral,North Indian,"['Skin_Health', 'General_Wellness']"
Palak Paneer,453,11.5,41.64,24.7,Katu (Pungent),Ushna (Hot),Madhura (Sweet),Neutral,Avoid,Avoid,West Indian,"['Weight_Gain', 'Joint_Pain', 'Immunity']"
Chhole Bhature,214,36.0,74.65,34.17,Katu (Pungent),Shita (Cold),Katu (Pungent),Avoid,Favor,Avoid,West Indian,"['Weight_Loss', 'General_Wellness']"
Pav Bhaji,330,18.17,71.79,15.32,Tikta (Bitter),Shita (Cold),Katu (Pungent),Favor,Favor,Avoid,South Indian,"['Hair_Growth', 'Skin_Health']"
Appam,300,38.06,9.56,31.49,Amla (Sour),Ushna (Hot),Amla (Sour),Avoid,Avoid,Avoid,East Indian,"['Acidity', 'Hair_Growth', 'Heart_Health']"
Medu Vada,531,30.04,45.34,12.75,Tikta (Bitter),Ushna (Hot),Madhura (Sweet),Favor,Avoid,Favor,West Indian,"['Joint_Pain', 'Immunity', 'Hair_Growth']"
Thyme,164,26.69,11.31,6.76,Tikta (Bitter),Ushna (Hot),Katu (Pungent),Favor,Favor,Favor,East Indian,['General_Wellness']
Cashew,318,7.64,6.66,22.18,Katu (Pungent),Ushna (Hot),Katu (Pungent),Avoid,Favor,Avoid,East Indian,"['Diabetes', 'Weight_Loss']"
Roti,599,39.53,32.94,16.29,Kashaya (Astringent),Shita (Cold),Katu (Pungent),Favor,Neutral,Neutral,East Indian,"['General_Wellness', 'Stress']"
Mysore Pak,388,5.58,37.11,34.42,Katu (Pungent),Shita (Cold),Madhura (Sweet),Favor,Favor,Avoid,North Indian,"['General_Wellness', 'Acidity']"
Nectarine,81,5.63,63.87,16.18,Tikta (Bitter),Ushna (Hot),Amla (Sour),Neutral,Avoid,Favor,West Indian,"['Heart_Health', 'Joint_Pain']"
Samosa Chaat,593,23.69,5.79,26.78,Tikta (Bitter),Ushna (Hot),Madhura (Sweet),Neutral,Favor,Avoid,North Indian,['Heart_Health']
Baingan Bharta,549,25.17,38.25,2.5,Madhura (Sweet),Ushna (Hot),Amla (Sour),Avoid,Avoid,Avoid,North Indian,"['General_Wellness', 'Hair_Growth']"
Kiwi,265,5.35,79.69,31.46,Katu (Pungent),Ushna (Hot),Katu (Pungent),Avoid,Favor,Favor,West Indian,"['General_Wellness', 'Hair_Growth', 'Stress']"
Apple,372,35.97,42.25,19.28,Kashaya (Astringent),Ushna (Hot),Madhura (Sweet),Favor,Favor,Neutral,West Indian,['General_Wellness']
Lobster,147,4.34,68.92,34.76,Tikta (Bitter),Ushna (Hot),Katu (Pungent),Avoid,Neutral,Favor,South Indian,['Heart_Health']
Cardamom,320,7.3,36.4,30.9,Madhura (Sweet),Shita (Cold),Amla (Sour),Favor,Avoid,Neutral,North Indian,['Weight_Loss']
Coffee,403,4.73,58.68,13.98,Amla (Sour),Ushna (Hot),Amla (Sour),Avoid,Avoid,Avoid,South Indian,['Acidity']
Palak Dal,538,34.03,18.52,2.67,Katu (Pungent),Shita (Cold),Amla (Sour),Favor,Favor,Neutral,East Indian,['Acidity']
Pakora,141,33.4,38.91,18.57,Madhura (Sweet),Shita (Cold),Amla (Sour),Favor,Avoid,Favor,South Indian,['Heart_Health']
Rogan Josh,533,24.79,47.5,23.07,Katu (Pungent),Shita (Cold),Madhura (Sweet),Neutral,Avoid,Neutral,South Indian,"['Heart_Health', 'Diabetes']"
Green Chilli,410,15.2,19.03,12.5,Lavana (Salty),Ushna (Hot),Madhura (Sweet),Avoid,Favor,Favor,East Indian,['Joint_Pain']
Cranberry,188,26.33,79.28,30.83,Lavana (Salty),Shita (Cold),Amla (Sour),Favor,Avoid,Favor,East Indian,"['Hair_Growth', 'Skin_Health', 'Weight_Gain']"
Avial,457,39.65,16.69,9.25,Madhura (Sweet),Ushna (Hot),Madhura (Sweet),Avoid,Avoid,Avoid,South Indian,"['Skin_Health', 'Weight_Loss']"
Parsley,460,39.12,10.0,31.49,Tikta (Bitter),Ushna (Hot),Katu (Pungent),Favor,Favor,Avoid,North Indian,"['Immunity', 'Weight_Loss']"
Apple,264,23.83,28.64,18.2,Tikta (Bitter),Ushna (Hot),Katu (Pungent),Favor,Avoid,Avoid,East Indian,['Joint_Pain']
Lobster,335,22.76,21.38,19.21,Kashaya (Astringent),Shita (Cold),Katu (Pungent),Avoid,Avoid,Favor,West Indian,"['Skin_Health', 'Acidity', 'Immunity']"
Pongal,132,16.83,42.39,30.71,Katu (Pungent),Ushna (Hot),Madhura (Sweet),Favor,Avoid,Favor,West Indian,"['Weight_Loss', 'Hair_Growth']"
Cumin,393,23.26,74.95,11.05,Kashaya (Astringent),Shita (Cold),Katu (Pungent),Avoid,Neutral,Favor,South Indian,"['General_Wellness', 'Weight_Loss', 'Diabetes']"
Pakora,123,24.21,32.72,12.66,Madhura (Sweet),Ushna (Hot),Madhura (Sweet),Avoid,Favor,Favor,West Indian,"['Immunity', 'Diabetes']"
Puran Poli,240,39.33,30.92,13.34,Madhura (Sweet),Ushna (Hot),Madhura (Sweet),Avoid,Favor,Favor,West Indian,"['Stress', 'Hair_Growth']"
Endive,185,21.88,19.11,4.05,Amla (Sour),Ushna (Hot),Madhura (Sweet),Avoid,Avoid,Favor,East Indian,"['Acidity', 'Weight_Loss', 'Weight_Gain']"
Maple Syrup,375,7.35,67.02,26.77,Tikta (Bitter),Ushna (Hot),Madhura (Sweet),Avoid,Avoid,Favor,East Indian,"['Joint_Pain', 'General_Wellness']"
Coffee,368,21.54,67.69,25.98,Katu (Pungent),Shita (Cold),Katu (Pungent),Avoid,Neutral,Neutral,West Indian,"['Immunity', 'Weight_Gain', 'Hair_Growth']"
Chaas,187,21.9,45.28,11.16,Madhura (Sweet),Ushna (Hot),Katu (Pungent),Favor,Favor,Avoid,North Indian,"['Joint_Pain', 'Acidity', 'Hair_Growth']"
Hyderabadi Biryani,195,10.73,7.84,21.83,Tikta (Bitter),Shita (Cold),Amla (Sour),Favor,Avoid,Favor,East Indian,['Diabetes']
Bhel Puri,213,10.04,41.17,17.23,Kashaya (Astringent),Shita (Cold),Madhura (Sweet),Avoid,Favor,Avoid,West Indian,"['Skin_Health', 'Immunity', 'Hair_Growth']"
Tamarind,182,32.33,64.0,13.08,Tikta (Bitter),Ushna (Hot),Katu (Pungent),Avoid,Favor,Avoid,East Indian,"['Heart_Health', 'Joint_Pain']"
Chickpeas,397,34.01,26.34,20.35,Tikta (Bitter),Ushna (Hot),Amla (Sour),Avoid,Favor,Avoid,West Indian,"['Hair_Growth', 'Heart_Health']"
Paneer,466,9.57,66.68,14.76,Amla (Sour),Shita (Cold),Madhura (Sweet),Avoid,Favor,Avoid,North Indian,"['Skin_Health', 'Acidity', 'General_Wellness']"
Bay Leaf,574,4.81,41.13,31.4,Kashaya (Astringent),Shita (Cold),Amla (Sour),Favor,Avoid,Neutral,East Indian,['Skin_Health']
Peanut,549,6.36,75.71,10.54,Amla (Sour),Ushna (Hot),Katu (Pungent),Favor,Favor,Avoid,East Indian,['Digestion']
Brussels Sprouts,251,19.4,14.57,15.43,Kashaya (Astringent),Ushna (Hot),Madhura (Sweet),Neutral,Favor,Neutral,West Indian,"['Weight_Gain', 'General_Wellness']"
Blueberry,498,38.43,59.36,30.99,Madhura (Sweet),Ushna (Hot),Madhura (Sweet),Favor,Favor,Favor,East Indian,"['General_Wellness', 'Acidity']"
Radish,509,16.76,42.74,27.02,Lavana (Salty),Shita (Cold),Madhura (Sweet),Favor,Avoid,Avoid,North Indian,"['Hair_Growth', 'Digestion', 'Acidity']"
Poha,403,26.24,68.89,12.95,Madhura (Sweet),Ushna (Hot),Amla (Sour),Favor,Favor,Neutral,West Indian,['Acidity']
Rasgulla,95,22.78,79.79,20.03,Amla (Sour),Shita (Cold),Amla (Sour),Avoid,Favor,Favor,North Indian,['Acidity']
Samosa,594,24.95,79.3,9.65,Katu (Pungent),Shita (Cold),Madhura (Sweet),Avoid,Avoid,Avoid,North Indian,['Skin_Health']
Poppy Seeds,59,15.92,53.41,33.19,Lavana (Salty),Ushna (Hot),Amla (Sour),Avoid,Avoid,Favor,East Indian,"['Joint_Pain', 'Hair_Growth', 'Skin_Health']"
Peach,135,28.19,9.94,16.66,Katu (Pungent),Ushna (Hot),Katu (Pungent),Favor,Avoid,Avoid,West Indian,"['Hair_Growth', 'Heart_Health']"
Shahi Tukda,407,7.76,11.91,8.77,Amla (Sour),Shita (Cold),Amla (Sour),Avoid,Avoid,Favor,North Indian,['General_Wellness']
Potato,83,15.01,10.76,14.06,Madhura (Sweet),Shita (Cold),Amla (Sour),Favor,Favor,Avoid,South Indian,"['Joint_Pain', 'Diabetes', 'General_Wellness']"
Yam,396,13.53,46.93,23.6,Kashaya (Astringent),Ushna (Hot),Katu (Pungent),Favor,Favor,Avoid,North Indian,"['Diabetes', 'Skin_Health']"
Cumin,334,33.43,55.29,31.36,Tikta (Bitter),Ushna (Hot),Amla (Sour),Favor,Favor,Favor,South Indian,"['Skin_Health', 'Diabetes']"
Corn,441,15.77,53.83,23.35,Lavana (Salty),Shita (Cold),Amla (Sour),Avoid,Avoid,Neutral,North Indian,"['Hair_Growth', 'Weight_Gain']"
Nectarine,218,34.33,76.58,7.78,Katu (Pungent),Ushna (Hot),Katu (Pungent),Favor,Favor,Favor,North Indian,"['General_Wellness', 'Heart_Health']"
Malai Kofta,330,31.87,17.69,4.25,Amla (Sour),Ushna (Hot),Amla (Sour),Favor,Favor,Avoid,East Indian,['Hair_Growth']
Triphala,436,39.21,10.51,10.3,Kashaya (Astringent),Ushna (Hot),Madhura (Sweet),Avoid,Avoid,Avoid,North Indian,"['Weight_Loss', 'Diabetes', 'General_Wellness']"
Dahi Puri,168,31.02,15.05,3.55,Tikta (Bitter),Ushna (Hot),Katu (Pungent),Avoid,Favor,Avoid,East Indian,"['Acidity', 'Immunity']"
Tamarind,585,38.85,19.74,31.71,Tikta (Bitter),Shita (Cold),Katu (Pungent),Favor,Avoid,Avoid,East Indian,"['Heart_Health', 'Diabetes', 'Weight_Loss']"
Turmeric,428,36.66,58.45,15.09,Tikta (Bitter),Shita (Cold),Madhura (Sweet),Favor,Avoid,Favor,East Indian,"['Joint_Pain', 'Diabetes', 'Digestion']"
Dum Aloo,364,37.56,47.42,4.93,Tikta (Bitter),Shita (Cold),Madhura (Sweet),Favor,Avoid,Favor,South Indian,"['Skin_Health', 'General_Wellness']"
Almond Oil,247,25.66,16.57,12.81,Madhura (Sweet),Shita (Cold),Madhura (Sweet),Neutral,Avoid,Neutral,West Indian,['Hair_Growth']
Dal Makhani,251,14.38,63.92,31.56,Kashaya (Astringent),Ushna (Hot),Madhura (Sweet),Favor,Avoid,Favor,East Indian,['Weight_Loss']
Coconut Water,97,14.74,30.2,19.22,Lavana (Salty),Ushna (Hot),Amla (Sour),Favor,Favor,Avoid,West Indian,['Hair_Growth']
Raj Kachori,579,39.28,6.5,19.35,Katu (Pungent),Ushna (Hot),Amla (Sour),Favor,Favor,Neutral,North Indian,"['Weight_Gain', 'Heart_Health', 'Immunity']"
Dum Aloo,87,3.19,16.41,5.4,Tikta (Bitter),Shita (Cold),Katu (Pungent),Favor,Avoid,Favor,South Indian,"['Immunity', 'Stress', 'Digestion']"
Pani Puri,123,21.49,44.99,16.99,Katu (Pungent),Ushna (Hot),Katu (Pungent),Favor,Avoid,Favor,South Indian,"['Weight_Gain', 'General_Wellness', 'Immunity']"
Pork,166,3.54,54.21,29.55,Tikta (Bitter),Shita (Cold),Katu (Pungent),Favor,Avoid,Avoid,East Indian,['Acidity']
Karela Juice,206,13.07,65.64,32.25,Tikta (Bitter),Ushna (Hot),Amla (Sour),Favor,Avoid,Favor,West Indian,"['Hair_Growth', 'Skin_Health', 'Stress']"
Peach,76,15.54,14.31,2.22,Kashaya (Astringent),Shita (Cold),Katu (Pungent),Favor,Favor,Favor,South Indian,"['Heart_Health', 'Diabetes']"
Broccoli,125,4.91,54.8,31.97,Kashaya (Astringent),Ushna (Hot),Madhura (Sweet),Neutral,Avoid,Avoid,North Indian,['Weight_Gain']
Peanut,423,38.45,76.2,0.89,Lavana (Salty),Shita (Cold),Amla (Sour),Favor,Avoid,Favor,West Indian,"['Digestion', 'Heart_Health', 'General_Wellness']"
Coconut Water,296,36.55,64.21,26.4,Amla (Sour),Ushna (Hot),Katu (Pungent),Avoid,Avoid,Avoid,East Indian,['Skin_Health']
Farro,474,20.57,11.7,13.87,Madhura (Sweet),Shita (Cold),Amla (Sour),Favor,Favor,Favor,South Indian,"['Heart_Health', 'Hair_Growth', 'Acidity']"
Jeera Rice,313,9.36,27.77,21.92,Tikta (Bitter),Ushna (Hot),Katu (Pungent),Neutral,Avoid,Favor,South Indian,"['Weight_Gain', 'Skin_Health']"
Eggplant,104,35.97,59.33,16.55,Kashaya (Astringent),Shita (Cold),Amla (Sour),Favor,Favor,Avoid,North Indian,['Immunity']
Cardamom,163,28.97,44.56,18.25,Katu (Pungent),Shita (Cold),Madhura (Sweet),Favor,Favor,Favor,East Indian,['Heart_Health']
Cardamom,434,27.49,53.27,8.91,Amla (Sour),Shita (Cold),Amla (Sour),Favor,Favor,Favor,North Indian,"['Hair_Growth', 'Digestion']"
Sweet Potato,312,10.12,25.04,8.55,Katu (Pungent),Ushna (Hot),Madhura (Sweet),Neutral,Avoid,Avoid,West Indian,"['Immunity', 'Hair_Growth', 'Diabetes']"
Green Chilli,383,20.98,23.92,31.93,Madhura (Sweet),Ushna (Hot),Amla (Sour),Avoid,Favor,Favor,North Indian,"['Weight_Gain', 'Skin_Health']"
Biryani,542,25.38,36.91,4.88,Madhura (Sweet),Ushna (Hot),Amla (Sour),Avoid,Favor,Favor,South Indian,"['Hair_Growth', 'Immunity', 'Joint_Pain']"
Dates,488,29.96,25.25,12.67,Kashaya (Astringent),Shita (Cold),Madhura (Sweet),Avoid,Favor,Favor,South Indian,"['Weight_Gain', 'Hair_Growth', 'General_Wellness']"
Passion Fruit,427,35.3,71.28,4.24,Katu (Pungent),Shita (Cold),Madhura (Sweet),Favor,Favor,Favor,West Indian,"['Weight_Gain', 'Skin_Health']"
Orange,494,22.54,48.3,21.29,Kashaya (Astringent),Ushna (Hot),Madhura (Sweet),Favor,Favor,Favor,East Indian,"['Hair_Growth', 'Digestion', 'Weight_Gain']"
Curry Leaves,222,13.09,49.79,25.25,Madhura (Sweet),Shita (Cold),Katu (Pungent),Avoid,Favor,Avoid,West Indian,"['Acidity', 'Weight_Loss']"
Kheer,202,12.55,69.83,0.62,Lavana (Salty),Ushna (Hot),Katu (Pungent),Favor,Neutral,Favor,North Indian,"['Joint_Pain', 'Acidity', 'Immunity']"
Paneer,125,26.83,26.82,20.74,Amla (Sour),Ushna (Hot),Amla (Sour),Avoid,Favor,Favor,South Indian,['Joint_Pain']
Giloy,246,10.84,7.61,27.86,Katu (Pungent),Shita (Cold),Madhura (Sweet),Avoid,Favor,Neutral,West Indian,"['Skin_Health', 'Acidity']"
Buckwheat,281,17.4,18.79,12.89,Lavana (Salty),Shita (Cold),Madhura (Sweet),Avoid,Avoid,Favor,East Indian,"['Diabetes', 'Weight_Gain', 'Weight_Loss']"
Sweet Potato,276,5.64,7.84,16.26,Katu (Pungent),Ushna (Hot),Madhura (Sweet),Avoid,Neutral,Favor,East Indian,['Heart_Health']
Macadamia,389,7.18,18.58,22.3,Kashaya (Astringent),Ushna (Hot),Madhura (Sweet),Favor,Favor,Avoid,South Indian,['General_Wellness']
Rajma Chawal,504,16.9,53.45,15.56,Lavana (Salty),Shita (Cold),Amla (Sour),Favor,Avoid,Avoid,North Indian,"['Skin_Health', 'Immunity']"
Sesame Oil,334,25.53,66.56,6.65,Lavana (Salty),Shita (Cold),Katu (Pungent),Favor,Favor,Avoid,North Indian,"['Digestion', 'Diabetes']"
Giloy,496,29.09,75.15,2.74,Lavana (Salty),Shita (Cold),Amla (Sour),Favor,Avoid,Avoid,West Indian,['Digestion']
Appam,379,20.93,23.45,24.26,Lavana (Salty),Ushna (Hot),Katu (Pungent),Neutral,Favor,Neutral,West Indian,"['Weight_Gain', 'Weight_Loss', 'Heart_Health']"
Persimmon,235,23.14,42.05,14.64,Madhura (Sweet),Shita (Cold),Katu (Pungent),Favor,Favor,Avoid,East Indian,['Skin_Health']
Black Pepper,365,21.22,8.32,2.13,Lavana (Salty),Shita (Cold),Amla (Sour),Favor,Avoid,Avoid,South Indian,"['Acidity', 'Hair_Growth']"
Bhindi Masala,498,8.86,61.26,7.55,Tikta (Bitter),Shita (Cold),Katu (Pungent),Favor,Favor,Favor,West Indian,"['Hair_Growth', 'Digestion']"
Jaggery,579,12.07,21.6,7.26,Tikta (Bitter),Ushna (Hot),Amla (Sour),Favor,Favor,Neutral,West Indian,['General_Wellness']
Ginger,110,25.53,51.47,1.8,Lavana (Salty),Shita (Cold),Amla (Sour),Avoid,Favor,Favor,North Indian,"['Weight_Loss', 'Hair_Growth']"
Dates,131,16.1,17.95,9.2,Lavana (Salty),Shita (Cold),Katu (Pungent),Favor,Avoid,Favor,East Indian,"['Immunity', 'Digestion']"
Cashew,382,6.4,30.1,11.52,Madhura (Sweet),Ushna (Hot),Amla (Sour),Favor,Favor,Favor,East Indian,['Diabetes']
Brussels Sprouts,429,13.81,50.0,8.7,Katu (Pungent),Shita (Cold),Amla (Sour),Avoid,Avoid,Avoid,South Indian,['Acidity']
Bajra,226,30.31,47.54,11.04,Kashaya (Astringent),Ushna (Hot),Amla (Sour),Avoid,Avoid,Favor,North Indian,"['Acidity', 'Joint_Pain']"
Quinoa,372,2.01,40.42,1.51,Tikta (Bitter),Ushna (Hot),Amla (Sour),Favor,Avoid,Favor,South Indian,['Acidity']
Bay Leaf,154,32.1,79.5,33.91,Amla (Sour),Shita (Cold),Amla (Sour),Avoid,Favor,Avoid,South Indian,"['Heart_Health', 'Weight_Gain']"
Cinnamon,257,38.95,34.04,11.18,Amla (Sour),Ushna (Hot),Madhura (Sweet),Avoid,Favor,Avoid,West Indian,"['Weight_Gain', 'Stress', 'General_Wellness']"
Pumpkin Seeds,259,30.79,68.08,26.78,Tikta (Bitter),Shita (Cold),Madhura (Sweet),Neutral,Favor,Avoid,East Indian,['Hair_Growth']
Mango,420,12.17,47.89,33.78,Amla (Sour),Ushna (Hot),Madhura (Sweet),Favor,Favor,Favor,West Indian,['Digestion']
Vindaloo,439,26.53,75.96,10.21,Kashaya (Astringent),Shita (Cold),Amla (Sour),Favor,Avoid,Neutral,North Indian,"['Acidity', 'Heart_Health', 'Stress']"
Chhole Bhature,560,18.32,68.66,27.35,Lavana (Salty),Shita (Cold),Katu (Pungent),Favor,Favor,Favor,East Indian,['Hair_Growth']
Farro,233,28.83,46.48,19.02,Madhura (Sweet),Ushna (Hot),Amla (Sour),Favor,Avoid,Neutral,East Indian,['Skin_Health']
Sugarcane Juice,454,35.98,77.34,17.02,Kashaya (Astringent),Shita (Cold),Amla (Sour),Avoid,Favor,Avoid,North Indian,"['Stress', 'General_Wellness']"
White Rice,183,18.44,63.34,19.61,Katu (Pungent),Shita (Cold),Katu (Pungent),Avoid,Favor,Favor,North Indian,"['Digestion', 'Weight_Gain', 'General_Wellness']"
Goat Cheese,574,39.9,26.16,20.35,Katu (Pungent),Shita (Cold),Amla (Sour),Favor,Favor,Favor,South Indian,"['Heart_Health', 'Stress']"
Cilantro,174,3.74,74.89,22.16,Katu (Pungent),Shita (Cold),Katu (Pungent),Avoid,Avoid,Favor,South Indian,"['Digestion', 'Skin_Health', 'Diabetes']"
Star Fruit,84,28.19,30.36,33.89,Madhura (Sweet),Shita (Cold),Katu (Pungent),Favor,Favor,Avoid,East Indian,"['Digestion', 'Joint_Pain']"
Dal Tadka,450,38.22,23.17,16.77,Lavana (Salty),Shita (Cold),Amla (Sour),Neutral,Avoid,Favor,East Indian,"['Hair_Growth', 'General_Wellness']"
Ginger,558,27.25,63.85,34.38,Kashaya (Astringent),Shita (Cold),Katu (Pungent),Avoid,Avoid,Favor,East Indian,"['Stress', 'Weight_Gain', 'Digestion']"
Pakora,92,30.46,28.59,22.35,Katu (Pungent),Ushna (Hot),Madhura (Sweet),Avoid,Favor,Favor,East Indian,['Immunity']
Pork,499,5.14,44.25,31.0,Kashaya (Astringent),Ushna (Hot),Amla (Sour),Favor,Avoid,Avoid,North Indian,"['Diabetes', 'Weight_Loss']"
Poppy Seeds,503,14.17,19.68,28.55,Katu (Pungent),Shita (Cold),Madhura (Sweet),Neutral,Favor,Favor,East Indian,"['Heart_Health', 'General_Wellness', 'Stress']"
Fafda,349,35.54,21.7,4.4,Amla (Sour),Ushna (Hot),Madhura (Sweet),Avoid,Neutral,Favor,North Indian,"['Hair_Growth', 'Weight_Loss']"
Salt,428,38.43,62.99,31.76,Kashaya (Astringent),Ushna (Hot),Katu (Pungent),Favor,Avoid,Neutral,South Indian,"['Hair_Growth', 'Digestion', 'Acidity']"
Peanut,553,8.35,5.86,21.93,Katu (Pungent),Ushna (Hot),Amla (Sour),Neutral,Favor,Avoid,East Indian,['Immunity']
Green Chilli,517,17.46,25.22,3.87,Kashaya (Astringent),Ushna (Hot),Madhura (Sweet),Favor,Favor,Avoid,West Indian,"['Diabetes', 'Heart_Health']"
Bell Pepper,274,17.97,11.62,7.47,Madhura (Sweet),Ushna (Hot),Madhura (Sweet),Neutral,Favor,Favor,South Indian,['Heart_Health']
Thali,251,2.67,23.85,11.17,Tikta (Bitter),Shita (Cold),Madhura (Sweet),Favor,Favor,Neutral,South Indian,['Acidity']
Kofta,126,9.57,42.22,31.56,Tikta (Bitter),Shita (Cold),Amla (Sour),Avoid,Favor,Avoid,South Indian,['Heart_Health']
Raita,80,35.91,23.48,2.71,Tikta (Bitter),Ushna (Hot),Madhura (Sweet),Avoid,Favor,Avoid,North Indian,['General_Wellness']
Green Cardamom,251,35.21,29.51,4.93,Katu (Pungent),Shita (Cold),Amla (Sour),Favor,Favor,Avoid,North Indian,"['Heart_Health', 'Diabetes']"
Coconut Burfi,278,33.84,17.72,24.56,Kashaya (Astringent),Ushna (Hot),Katu (Pungent),Avoid,Avoid,Avoid,East Indian,"['Skin_Health', 'General_Wellness', 'Joint_Pain']"
Mozzarella,482,14.48,36.83,19.22,Amla (Sour),Shita (Cold),Katu (Pungent),Avoid,Favor,Favor,South Indian,"['Hair_Growth', 'Stress', 'Digestion']"
Turmeric,578,38.24,53.79,23.72,Kashaya (Astringent),Shita (Cold),Katu (Pungent),Favor,Favor,Avoid,North Indian,"['Hair_Growth', 'Weight_Gain']"
Hyderabadi Biryani,167,18.73,51.89,17.42,Lavana (Salty),Ushna (Hot),Amla (Sour),Favor,Avoid,Favor,North Indian,"['Hair_Growth', 'Heart_Health']"
Soya Chunks,321,27.85,13.14,33.66,Katu (Pungent),Ushna (Hot),Madhura (Sweet),Favor,Favor,Favor,South Indian,"['Hair_Growth', 'General_Wellness']"
Orange,429,26.76,43.75,34.72,Madhura (Sweet),Ushna (Hot),Madhura (Sweet),Favor,Avoid,Favor,West Indian,['Diabetes']
Kidney Beans,403,2.01,62.24,26.27,Lavana (Salty),Ushna (Hot),Amla (Sour),Favor,Avoid,Neutral,South Indian,"['Joint_Pain', 'Diabetes', 'Skin_Health']"
Maple Syrup,346,8.27,44.32,9.79,Amla (Sour),Ushna (Hot),Amla (Sour),Avoid,Favor,Favor,West Indian,['Acidity']
Salt,321,25.1,33.68,34.57,Tikta (Bitter),Ushna (Hot),Madhura (Sweet),Avoid,Favor,Avoid,East Indian,"['Hair_Growth', 'Stress']"
Besan Ladoo,329,15.16,44.44,8.51,Katu (Pungent),Ushna (Hot),Amla (Sour),Favor,Favor,Avoid,East Indian,"['General_Wellness', 'Acidity']"
Coriander,479,23.81,41.88,25.8,Katu (Pungent),Shita (Cold),Katu (Pungent),Favor,Favor,Favor,South Indian,"['Heart_Health', 'Immunity', 'Skin_Health']"
Brahmi,550,20.11,51.51,21.07,Kashaya (Astringent),Shita (Cold),Madhura (Sweet),Favor,Avoid,Neutral,West Indian,['Hair_Growth']
Kidney Beans,277,2.94,61.59,5.52,Amla (Sour),Ushna (Hot),Amla (Sour),Avoid,Avoid,Avoid,South Indian,"['Weight_Loss', 'Stress']"
Coconut,211,14.98,7.16,14.13,Madhura (Sweet),Shita (Cold),Katu (Pungent),Neutral,Avoid,Favor,North Indian,"['Diabetes', 'Skin_Health', 'Digestion']"
Coffee,455,7.71,9.36,30.62,Madhura (Sweet),Ushna (Hot),Amla (Sour),Favor,Favor,Avoid,North Indian,"['Weight_Gain', 'Weight_Loss']"
Yam,64,14.48,41.99,32.11,Lavana (Salty),Ushna (Hot),Amla (Sour),Favor,Favor,Favor,East Indian,"['Stress', 'Weight_Gain', 'General_Wellness']"
Sooji ka Halwa,487,3.22,8.58,27.73,Kashaya (Astringent),Ushna (Hot),Madhura (Sweet),Neutral,Favor,Favor,North Indian,['General_Wellness']
Chaas,552,33.75,37.83,0.61,Tikta (Bitter),Ushna (Hot),Katu (Pungent),Favor,Avoid,Avoid,West Indian,"['Joint_Pain', 'Weight_Gain', 'Hair_Growth']"
Cod,281,27.12,37.94,12.71,Madhura (Sweet),Shita (Cold),Amla (Sour),Avoid,Favor,Avoid,South Indian,"['Skin_Health', 'Stress', 'Hair_Growth']"
Grape,388,36.51,36.25,11.35,Lavana (Salty),Ushna (Hot),Katu (Pungent),Avoid,Favor,Favor,South Indian,"['Weight_Loss', 'Acidity']"
Sugar,123,5.61,49.96,10.2,Katu (Pungent),Shita (Cold),Madhura (Sweet),Avoid,Avoid,Favor,East Indian,"['Skin_Health', 'Immunity']"
Chana Dal,354,17.45,44.8,18.0,Lavana (Salty),Shita (Cold),Madhura (Sweet),Favor,Avoid,Favor,South Indian,"['Digestion', 'General_Wellness']"
Triphala,560,35.11,21.05,21.05,Katu (Pungent),Ushna (Hot),Katu (Pungent),Favor,Avoid,Neutral,East Indian,['Acidity']
Fenugreek Seeds,107,28.56,76.61,24.86,Kashaya (Astringent),Ushna (Hot),Madhura (Sweet),Favor,Avoid,Favor,South Indian,"['Joint_Pain', 'Weight_Loss', 'Heart_Health']"
Star Fruit,536,23.18,10.26,9.77,Katu (Pungent),Ushna (Hot),Katu (Pungent),Avoid,Avoid,Avoid,East Indian,['Diabetes']
Tofu,502,12.78,54.08,30.58,Katu (Pungent),Shita (Cold),Madhura (Sweet),Avoid,Avoid,Avoid,North Indian,"['Digestion', 'Weight_Loss', 'Weight_Gain']"
Dates,444,19.07,31.69,24.04,Kashaya (Astringent),Ushna (Hot),Madhura (Sweet),Avoid,Favor,Avoid,North Indian,"['General_Wellness', 'Weight_Gain', 'Stress']"
Radish,289,36.1,43.09,24.24,Amla (Sour),Ushna (Hot),Katu (Pungent),Favor,Avoid,Avoid,North Indian,['Heart_Health']
Shahi Tukda,467,21.58,59.69,1.73,Amla (Sour),Ushna (Hot),Amla (Sour),Favor,Favor,Avoid,East Indian,"['Hair_Growth', 'General_Wellness']"
Green Gram,285,20.26,51.55,3.23,Tikta (Bitter),Shita (Cold),Katu (Pungent),Avoid,Favor,Favor,South Indian,"['Immunity', 'General_Wellness']"
Zucchini,319,5.78,54.21,27.79,Katu (Pungent),Shita (Cold),Amla (Sour),Avoid,Favor,Favor,South Indian,"['Skin_Health', 'Hair_Growth']"
Thyme,205,34.13,53.84,33.54,Katu (Pungent),Shita (Cold),Katu (Pungent),Avoid,Avoid,Avoid,North Indian,"['Diabetes', 'Digestion']"
Watermelon,508,37.27,64.77,21.52,Katu (Pungent),Ushna (Hot),Amla (Sour),Neutral,Favor,Favor,East Indian,"['Digestion', 'Stress', 'Immunity']"
Arugula,419,34.44,65.2,23.32,Amla (Sour),Shita (Cold),Amla (Sour),Avoid,Favor,Avoid,North Indian,"['Immunity', 'Joint_Pain', 'Weight_Gain']"
Chicken,118,21.88,21.15,25.3,Katu (Pungent),Shita (Cold),Katu (Pungent),Favor,Favor,Favor,East Indian,"['Hair_Growth', 'Digestion']"
Poppy Seeds,283,29.35,10.81,8.24,Madhura (Sweet),Shita (Cold),Madhura (Sweet),Favor,Neutral,Favor,East Indian,"['Weight_Gain', 'Immunity', 'Skin_Health']"
Litchi,182,33.21,45.48,11.0,Madhura (Sweet),Shita (Cold),Amla (Sour),Avoid,Favor,Neutral,South Indian,['Immunity']
Endive,515,34.74,75.02,26.27,Tikta (Bitter),Ushna (Hot),Amla (Sour),Avoid,Favor,Favor,North Indian,"['General_Wellness', 'Skin_Health', 'Acidity']"
White Chocolate,517,2.23,42.05,12.94,Lavana (Salty),Ushna (Hot),Katu (Pungent),Favor,Favor,Favor,West Indian,"['Immunity', 'Weight_Loss', 'Acidity']"
Macadamia,301,14.24,29.81,19.94,Tikta (Bitter),Shita (Cold),Amla (Sour),Avoid,Favor,Neutral,North Indian,"['General_Wellness', 'Stress']"
Avial,385,7.52,26.89,11.0,Tikta (Bitter),Shita (Cold),Amla (Sour),Favor,Avoid,Favor,West Indian,"['Diabetes', 'General_Wellness', 'Weight_Gain']"
Bell Pepper,66,22.85,52.55,20.82,Kashaya (Astringent),Shita (Cold),Madhura (Sweet),Favor,Favor,Avoid,West Indian,"['Stress', 'Acidity', 'Diabetes']"
Vada Pav,260,25.8,57.4,13.37,Kashaya (Astringent),Shita (Cold),Katu (Pungent),Avoid,Favor,Favor,South Indian,"['Weight_Gain', 'Skin_Health', 'Immunity']"
Cheddar,172,13.13,27.18,4.56,Kashaya (Astringent),Shita (Cold),Amla (Sour),Favor,Avoid,Avoid,North Indian,"['Weight_Loss', 'Joint_Pain']"
Vindaloo,190,16.34,15.24,1.07,Lavana (Salty),Ushna (Hot),Katu (Pungent),Favor,Avoid,Favor,West Indian,"['Weight_Loss', 'Joint_Pain', 'Immunity']"
Fish Curry,124,24.93,72.74,14.23,Tikta (Bitter),Ushna (Hot),Madhura (Sweet),Avoid,Avoid,Avoid,West Indian,"['Digestion', 'Weight_Loss']"
Dal Tadka,591,17.21,60.51,9.28,Tikta (Bitter),Shita (Cold),Katu (Pungent),Avoid,Favor,Favor,South Indian,"['Joint_Pain', 'Weight_Gain']"
Pongal,117,30.56,34.01,31.51,Lavana (Salty),Ushna (Hot),Katu (Pungent),Avoid,Favor,Favor,East Indian,"['Diabetes', 'Weight_Loss', 'Skin_Health']"
Pakora,414,29.17,61.2,15.54,Madhura (Sweet),Shita (Cold),Amla (Sour),Avoid,Favor,Avoid,West Indian,"['General_Wellness', 'Digestion', 'Joint_Pain']"
Curry Leaves,357,23.32,50.69,30.69,Amla (Sour),Ushna (Hot),Amla (Sour),Avoid,Favor,Avoid,West Indian,"['Joint_Pain', 'Diabetes']"
Masoor Dal,381,21.23,43.21,25.52,Madhura (Sweet),Shita (Cold),Katu (Pungent),Avoid,Favor,Favor,West Indian,"['Digestion', 'Heart_Health', 'Weight_Gain']"
Masala Dosa,163,20.66,19.28,12.52,Tikta (Bitter),Shita (Cold),Katu (Pungent),Neutral,Favor,Favor,South Indian,['Heart_Health']
Guava,122,18.71,57.3,22.37,Amla (Sour),Shita (Cold),Katu (Pungent),Avoid,Avoid,Favor,North Indian,['Digestion']
Wheat,130,32.21,77.5,25.58,Madhura (Sweet),Shita (Cold),Amla (Sour),Avoid,Favor,Favor,West Indian,"['Stress', 'Digestion']"
Gulab Jamun,424,30.69,21.57,17.78,Tikta (Bitter),Ushna (Hot),Katu (Pungent),Avoid,Favor,Avoid,West Indian,['Stress']
Cilantro,409,8.12,78.53,24.79,Amla (Sour),Ushna (Hot),Amla (Sour),Avoid,Avoid,Avoid,North Indian,"['Hair_Growth', 'General_Wellness']"
Buckwheat,196,22.16,34.76,18.96,Kashaya (Astringent),Shita (Cold),Amla (Sour),Favor,Favor,Neutral,North Indian,"['Weight_Loss', 'General_Wellness']"
Coffee,496,34.78,78.96,9.28,Kashaya (Astringent),Shita (Cold),Katu (Pungent),Avoid,Neutral,Favor,North Indian,"['Heart_Health', 'Digestion']"
Chaas,133,22.55,12.42,11.49,Amla (Sour),Ushna (Hot),Madhura (Sweet),Favor,Neutral,Favor,South Indian,"['Weight_Loss', 'General_Wellness', 'Hair_Growth']"
Curry,543,15.95,63.39,11.73,Kashaya (Astringent),Shita (Cold),Madhura (Sweet),Avoid,Favor,Favor,South Indian,['Heart_Health']
Lentils,308,15.51,37.15,28.41,Madhura (Sweet),Shita (Cold),Amla (Sour),Neutral,Favor,Neutral,South Indian,"['Diabetes', 'Heart_Health', 'Weight_Loss']"
Toor Dal,234,25.16,56.13,17.94,Katu (Pungent),Shita (Cold),Madhura (Sweet),Favor,Neutral,Avoid,North Indian,['Hair_Growth']
Feta,319,23.33,49.71,14.64,Amla (Sour),Ushna (Hot),Katu (Pungent),Avoid,Favor,Avoid,West Indian,['Immunity']
Saffron,389,36.03,15.38,29.83,Madhura (Sweet),Ushna (Hot),Madhura (Sweet),Favor,Avoid,Favor,South Indian,"['Acidity', 'Weight_Loss', 'Immunity']"
Appam,481,6.1,34.51,25.82,Amla (Sour),Ushna (Hot),Katu (Pungent),Favor,Favor,Avoid,West Indian,['Acidity']
Malai Kofta,186,31.67,74.54,34.65,Madhura (Sweet),Ushna (Hot),Katu (Pungent),Favor,Avoid,Favor,South Indian,"['Joint_Pain', 'Diabetes']"
Chickpeas,184,15.77,53.11,9.86,Madhura (Sweet),Shita (Cold),Madhura (Sweet),Favor,Avoid,Avoid,East Indian,"['Immunity', 'Stress']"
Pickle,67,31.83,23.38,25.95,Madhura (Sweet),Ushna (Hot),Katu (Pungent),Favor,Favor,Favor,East Indian,"['Weight_Loss', 'Hair_Growth', 'Joint_Pain']"
Tomato,283,37.43,74.55,7.42,Lavana (Salty),Shita (Cold),Madhura (Sweet),Avoid,Avoid,Avoid,North Indian,"['General_Wellness', 'Weight_Gain', 'Weight_Loss']"
Brahmi,580,12.59,44.2,12.4,Tikta (Bitter),Ushna (Hot),Amla (Sour),Favor,Favor,Avoid,West Indian,"['Digestion', 'Heart_Health']"
Litchi,330,4.33,73.92,3.3,Amla (Sour),Shita (Cold),Katu (Pungent),Neutral,Favor,Avoid,South Indian,"['Immunity', 'Acidity', 'Hair_Growth']"
Asafoetida,478,32.8,53.62,30.76,Katu (Pungent),Ushna (Hot),Amla (Sour),Avoid,Favor,Favor,West Indian,"['Hair_Growth', 'Weight_Gain']"
Moong Dal,302,8.94,14.24,2.56,Amla (Sour),Ushna (Hot),Amla (Sour),Favor,Favor,Avoid,West Indian,"['Heart_Health', 'Digestion']"
Masoor Dal,184,37.82,30.65,5.77,Kashaya (Astringent),Ushna (Hot),Madhura (Sweet),Favor,Favor,Neutral,West Indian,['Hair_Growth']
Sugar,371,36.22,28.03,6.94,Tikta (Bitter),Ushna (Hot),Madhura (Sweet),Neutral,Favor,Favor,North Indian,"['Hair_Growth', 'Joint_Pain', 'Immunity']"
Sesame Seeds,441,23.64,65.18,22.21,Madhura (Sweet),Shita (Cold),Amla (Sour),Avoid,Avoid,Favor,East Indian,"['Acidity', 'Joint_Pain']"
Nectarine,455,25.82,5.86,26.84,Tikta (Bitter),Ushna (Hot),Katu (Pungent),Favor,Avoid,Favor,West Indian,"['Weight_Loss', 'Weight_Gain']"
Honey,393,33.69,5.99,12.73,Tikta (Bitter),Ushna (Hot),Katu (Pungent),Avoid,Favor,Favor,North Indian,"['Heart_Health', 'Digestion']"
Cherry,196,2.95,38.62,21.57,Amla (Sour),Ushna (Hot),Amla (Sour),Neutral,Neutral,Favor,South Indian,"['Digestion', 'Skin_Health']"
Walnut,228,25.06,14.23,16.77,Katu (Pungent),Shita (Cold),Madhura (Sweet),Favor,Avoid,Favor,East Indian,"['Skin_Health', 'Weight_Gain']"
Tea,409,30.24,39.22,1.49,Kashaya (Astringent),Shita (Cold),Katu (Pungent),Favor,Favor,Favor,West Indian,['General_Wellness']
Carrot,309,25.8,70.86,22.2,Katu (Pungent),Shita (Cold),Amla (Sour),Avoid,Neutral,Favor,East Indian,"['Heart_Health', 'Weight_Loss']"
Vada Pav,388,28.38,71.52,20.37,Tikta (Bitter),Ushna (Hot),Amla (Sour),Favor,Favor,Neutral,North Indian,"['General_Wellness', 'Weight_Loss']"
Black Pepper,299,22.27,28.85,18.66,Amla (Sour),Ushna (Hot),Amla (Sour),Favor,Avoid,Favor,West Indian,"['Stress', 'Weight_Loss', 'Diabetes']"
Vada,478,36.32,6.57,16.88,Lavana (Salty),Ushna (Hot),Amla (Sour),Neutral,Neutral,Favor,North Indian,['Digestion']
Watermelon,444,12.23,71.15,2.4,Madhura (Sweet),Ushna (Hot),Madhura (Sweet),Avoid,Favor,Favor,North Indian,"['Heart_Health', 'Joint_Pain', 'Weight_Loss']"
Dosa,292,31.9,54.24,16.58,Kashaya (Astringent),Ushna (Hot),Katu (Pungent),Avoid,Favor,Avoid,South Indian,"['Diabetes', 'Hair_Growth', 'Joint_Pain']"
Orange,414,22.2,10.08,13.21,Madhura (Sweet),Ushna (Hot),Madhura (Sweet),Favor,Neutral,Favor,West Indian,"['Hair_Growth', 'Digestion', 'Acidity']"
Peas,141,7.63,8.57,22.62,Kashaya (Astringent),Ushna (Hot),Katu (Pungent),Favor,Favor,Favor,North Indian,['Immunity']
Spinach,279,8.47,5.33,11.57,Madhura (Sweet),Ushna (Hot),Katu (Pungent),Favor,Avoid,Favor,South Indian,"['Hair_Growth', 'Digestion']"
Coconut,334,23.1,74.96,12.04,Amla (Sour),Ushna (Hot),Madhura (Sweet),Neutral,Avoid,Favor,South Indian,"['Hair_Growth', 'Stress', 'Weight_Gain']"
Passion Fruit,330,20.09,25.24,25.18,Tikta (Bitter),Ushna (Hot),Katu (Pungent),Avoid,Neutral,Avoid,South Indian,"['Hair_Growth', 'Skin_Health']"
Dal Tadka,175,34.67,41.93,19.56,Madhura (Sweet),Shita (Cold),Amla (Sour),Favor,Neutral,Neutral,South Indian,"['General_Wellness', 'Digestion', 'Diabetes']"
Corn,104,33.9,60.89,2.53,Lavana (Salty),Ushna (Hot),Madhura (Sweet),Avoid,Favor,Favor,South Indian,"['Weight_Gain', 'Immunity', 'General_Wellness']"
Green Gram,302,28.54,36.26,25.21,Madhura (Sweet),Ushna (Hot),Amla (Sour),Favor,Neutral,Neutral,North Indian,['Weight_Loss']
Cashew,165,31.19,34.19,28.27,Tikta (Bitter),Shita (Cold),Madhura (Sweet),Neutral,Neutral,Favor,North Indian,['Weight_Gain']
Cucumber,195,25.66,13.39,11.31,Lavana (Salty),Ushna (Hot),Amla (Sour),Favor,Avoid,Favor,South Indian,"['Skin_Health', 'Diabetes']"
Cottage Cheese,487,26.32,5.06,34.31,Katu (Pungent),Shita (Cold),Madhura (Sweet),Favor,Avoid,Avoid,South Indian,['Diabetes']
Artichoke,596,14.98,28.2,25.57,Tikta (Bitter),Ushna (Hot),Madhura (Sweet),Avoid,Avoid,Avoid,East Indian,"['Acidity', 'Weight_Gain']"
Naan,244,14.0,63.49,23.64,Tikta (Bitter),Ushna (Hot),Amla (Sour),Favor,Avoid,Avoid,West Indian,['Hair_Growth']
Black Salt,119,33.09,64.58,25.75,Lavana (Salty),Shita (Cold),Madhura (Sweet),Avoid,Favor,Favor,North Indian,"['Heart_Health', 'Acidity', 'Hair_Growth']"
Lamb,402,11.13,48.1,19.84,Madhura (Sweet),Ushna (Hot),Madhura (Sweet),Favor,Neutral,Favor,East Indian,"['Joint_Pain', 'Acidity', 'Immunity']"
Passion Fruit,99,27.39,64.97,8.35,Lavana (Salty),Ushna (Hot),Katu (Pungent),Avoid,Favor,Favor,South Indian,"['Joint_Pain', 'Hair_Growth', 'Weight_Gain']"
Cherry,214,10.53,64.68,34.43,Katu (Pungent),Ushna (Hot),Madhura (Sweet),Favor,Avoid,Favor,North Indian,['Stress']
Olive Oil,228,14.72,9.84,7.44,Lavana (Salty),Ushna (Hot),Katu (Pungent),Avoid,Favor,Avoid,South Indian,"['Digestion', 'Joint_Pain']"
Artichoke,209,27.02,43.57,3.59,Amla (Sour),Ushna (Hot),Katu (Pungent),Favor,Avoid,Avoid,West Indian,"['Stress', 'Joint_Pain', 'General_Wellness']"
Avocado,479,20.07,69.25,19.54,Tikta (Bitter),Ushna (Hot),Katu (Pungent),Avoid,Favor,Favor,North Indian,['Immunity']
Flax Seeds,467,9.13,17.8,30.53,Tikta (Bitter),Ushna (Hot),Madhura (Sweet),Avoid,Avoid,Avoid,East Indian,"['Stress', 'Hair_Growth', 'Diabetes']"
Buckwheat,367,39.96,57.12,6.03,Kashaya (Astringent),Ushna (Hot),Madhura (Sweet),Favor,Favor,Favor,East Indian,"['Weight_Gain', 'Weight_Loss', 'Immunity']"
Black Salt,553,17.52,79.98,10.78,Amla (Sour),Ushna (Hot),Amla (Sour),Avoid,Avoid,Favor,West Indian,['Joint_Pain']
Pongal,210,12.17,71.67,27.14,Tikta (Bitter),Shita (Cold),Amla (Sour),Avoid,Avoid,Neutral,North Indian,"['Acidity', 'Digestion']"
Cranberry,447,30.63,58.68,5.8,Madhura (Sweet),Shita (Cold),Amla (Sour),Avoid,Neutral,Favor,West Indian,"['Weight_Gain', 'Hair_Growth']"
Coriander,228,29.98,59.92,6.2,Tikta (Bitter),Ushna (Hot),Amla (Sour),Avoid,Favor,Favor,South Indian,"['Acidity', 'Diabetes']"
Bay Leaf,220,15.14,51.35,17.39,Katu (Pungent),Ushna (Hot),Madhura (Sweet),Neutral,Avoid,Neutral,South Indian,['Stress']
Radish,400,36.56,37.57,3.76,Madhura (Sweet),Ushna (Hot),Madhura (Sweet),Neutral,Avoid,Favor,North Indian,['Skin_Health']
Sesame Seeds,225,29.27,15.74,11.85,Tikta (Bitter),Ushna (Hot),Madhura (Sweet),Avoid,Favor,Favor,East Indian,['General_Wellness']
Cardamom,581,32.62,51.28,5.17,Tikta (Bitter),Shita (Cold),Katu (Pungent),Neutral,Neutral,Favor,South Indian,['Skin_Health']
Mace,396,25.09,48.19,14.19,Lavana (Salty),Ushna (Hot),Katu (Pungent),Avoid,Avoid,Favor,North Indian,"['General_Wellness', 'Hair_Growth']"
Peanut,291,17.17,54.97,33.88,Lavana (Salty),Ushna (Hot),Madhura (Sweet),Favor,Avoid,Avoid,West Indian,"['Weight_Gain', 'Stress']"
Black Tea,158,17.02,22.44,12.33,Madhura (Sweet),Ushna (Hot),Katu (Pungent),Favor,Avoid,Avoid,East Indian,"['Immunity', 'Weight_Loss', 'Joint_Pain']"
Halwa,422,29.08,43.34,6.03,Lavana (Salty),Shita (Cold),Amla (Sour),Favor,Neutral,Favor,East Indian,['Joint_Pain']
Green Tea,59,21.24,41.77,12.98,Madhura (Sweet),Ushna (Hot),Amla (Sour),Avoid,Avoid,Neutral,North Indian,"['Weight_Gain', 'Acidity', 'Stress']"
Gulab Jamun,92,7.7,29.73,5.22,Tikta (Bitter),Ushna (Hot),Amla (Sour),Favor,Avoid,Avoid,North Indian,"['Digestion', 'Stress', 'Weight_Gain']"
Black Salt,101,16.47,31.6,2.58,Tikta (Bitter),Shita (Cold),Katu (Pungent),Favor,Favor,Avoid,West Indian,"['General_Wellness', 'Immunity', 'Weight_Loss']"
Endive,415,26.42,29.39,22.33,Madhura (Sweet),Ushna (Hot),Katu (Pungent),Favor,Avoid,Avoid,West Indian,"['Hair_Growth', 'General_Wellness']"
Pork,399,20.41,41.45,6.09,Madhura (Sweet),Ushna (Hot),Katu (Pungent),Neutral,Avoid,Neutral,North Indian,"['Weight_Gain', 'General_Wellness']"
Curry,95,20.55,33.61,29.18,Katu (Pungent),Shita (Cold),Madhura (Sweet),Favor,Favor,Avoid,West Indian,"['General_Wellness', 'Acidity']"
Rasgulla,529,34.03,44.36,1.74,Madhura (Sweet),Ushna (Hot),Madhura (Sweet),Avoid,Avoid,Neutral,West Indian,"['Immunity', 'Weight_Loss']"
Dal Bati Churma,446,30.99,37.98,30.02,Tikta (Bitter),Ushna (Hot),Madhura (Sweet),Avoid,Avoid,Favor,North Indian,"['Hair_Growth', 'Acidity', 'Diabetes']"
Thepla,544,21.59,39.83,14.22,Tikta (Bitter),Shita (Cold),Katu (Pungent),Favor,Avoid,Favor,South Indian,"['Acidity', 'Stress']"
Rasam,231,33.75,11.87,2.44,Tikta (Bitter),Shita (Cold),Madhura (Sweet),Favor,Avoid,Avoid,North Indian,"['Joint_Pain', 'General_Wellness']"
Onion,183,3.16,12.06,8.05,Kashaya (Astringent),Ushna (Hot),Katu (Pungent),Neutral,Avoid,Favor,North Indian,"['Diabetes', 'Weight_Gain']"
Rogan Josh,453,30.27,28.2,19.88,Lavana (Salty),Shita (Cold),Madhura (Sweet),Avoid,Favor,Favor,East Indian,['Skin_Health']
Sambar,78,24.3,54.47,1.11,Tikta (Bitter),Ushna (Hot),Amla (Sour),Favor,Avoid,Avoid,North Indian,"['Diabetes', 'Acidity']"
Coconut,126,33.53,38.84,30.37,Katu (Pungent),Ushna (Hot),Amla (Sour),Favor,Favor,Favor,West Indian,"['Diabetes', 'Skin_Health', 'Immunity']"
Honey,453,38.78,13.62,20.54,Madhura (Sweet),Shita (Cold),Amla (Sour),Favor,Favor,Favor,West Indian,"['Diabetes', 'Skin_Health']"
Curry,582,23.82,72.28,30.93,Kashaya (Astringent),Ushna (Hot),Katu (Pungent),Favor,Favor,Neutral,East Indian,['Diabetes']
Rogan Josh,194,21.73,28.47,24.92,Tikta (Bitter),Ushna (Hot),Madhura (Sweet),Avoid,Neutral,Favor,South Indian,"['Joint_Pain', 'Diabetes', 'Weight_Gain']"
Dal Tadka,318,25.94,78.67,24.16,Lavana (Salty),Ushna (Hot),Madhura (Sweet),Favor,Avoid,Avoid,South Indian,['Hair_Growth']
Raita,410,30.34,18.99,8.63,Lavana (Salty),Ushna (Hot),Katu (Pungent),Avoid,Favor,Favor,South Indian,"['Skin_Health', 'General_Wellness', 'Weight_Gain']"
Tea,238,14.62,67.75,25.22,Amla (Sour),Ushna (Hot),Amla (Sour),Favor,Favor,Favor,South Indian,"['Skin_Health', 'Weight_Loss', 'Acidity']"
Pumpkin,493,6.32,40.77,12.79,Tikta (Bitter),Shita (Cold),Katu (Pungent),Favor,Favor,Favor,North Indian,"['Skin_Health', 'Weight_Gain', 'Digestion']"
Feta,214,22.64,47.44,4.15,Kashaya (Astringent),Ushna (Hot),Katu (Pungent),Favor,Favor,Avoid,South Indian,"['Stress', 'Hair_Growth']"
Pumpkin Seeds,233,21.75,34.68,10.73,Madhura (Sweet),Ushna (Hot),Katu (Pungent),Avoid,Neutral,Favor,South Indian,"['Acidity', 'Stress', 'Digestion']"
Turmeric,341,26.31,53.33,6.03,Amla (Sour),Shita (Cold),Amla (Sour),Favor,Avoid,Avoid,South Indian,"['Weight_Loss', 'Hair_Growth']"
Sapota,153,13.95,22.08,14.53,Kashaya (Astringent),Ushna (Hot),Madhura (Sweet),Favor,Neutral,Avoid,East Indian,"['General_Wellness', 'Skin_Health', 'Acidity']"
Coffee,451,12.68,44.22,12.58,Amla (Sour),Ushna (Hot),Madhura (Sweet),Avoid,Avoid,Avoid,South Indian,"['Hair_Growth', 'Digestion', 'Heart_Health']"
Pomegranate,584,34.88,65.21,22.83,Lavana (Salty),Shita (Cold),Madhura (Sweet),Favor,Favor,Favor,West Indian,"['Weight_Loss', 'Acidity']"
Sambar,584,12.68,78.92,2.71,Lavana (Salty),Shita (Cold),Madhura (Sweet),Favor,Favor,Favor,North Indian,['Hair_Growth']
Medu Vada,480,23.09,74.52,12.02,Tikta (Bitter),Ushna (Hot),Madhura (Sweet),Avoid,Neutral,Favor,South Indian,['Immunity']
Zucchini,383,38.17,5.57,26.07,Tikta (Bitter),Ushna (Hot),Amla (Sour),Neutral,Favor,Neutral,West Indian,['Weight_Gain']
Curry,53,26.93,43.66,9.91,Katu (Pungent),Ushna (Hot),Katu (Pungent),Favor,Favor,Favor,West Indian,['Diabetes']
Cranberry,511,33.5,74.29,22.42,Tikta (Bitter),Shita (Cold),Amla (Sour),Avoid,Favor,Favor,West Indian,"['Weight_Loss', 'Weight_Gain', 'Digestion']"
Guava,125,37.11,17.08,21.1,Katu (Pungent),Shita (Cold),Katu (Pungent),Favor,Neutral,Favor,South Indian,"['Heart_Health', 'General_Wellness', 'Weight_Gain']"
Upma,347,8.84,46.75,29.58,Lavana (Salty),Shita (Cold),Amla (Sour),Avoid,Avoid,Avoid,West Indian,['Weight_Loss']
Ashwagandha,534,37.78,43.76,18.53,Tikta (Bitter),Shita (Cold),Amla (Sour),Neutral,Avoid,Neutral,East Indian,"['Hair_Growth', 'Stress', 'Diabetes']"
Black Pepper,367,14.2,57.42,18.67,Lavana (Salty),Shita (Cold),Katu (Pungent),Favor,Favor,Favor,South Indian,"['Skin_Health', 'Acidity', 'Stress']"
Pumpkin Seeds,354,32.1,60.3,31.62,Kashaya (Astringent),Ushna (Hot),Amla (Sour),Favor,Favor,Avoid,East Indian,['Digestion']
Chickpeas,151,19.12,44.31,19.88,Kashaya (Astringent),Shita (Cold),Katu (Pungent),Favor,Avoid,Neutral,West Indian,"['General_Wellness', 'Hair_Growth', 'Diabetes']"
Okra,204,38.22,78.91,15.06,Lavana (Salty),Shita (Cold),Amla (Sour),Avoid,Avoid,Favor,West Indian,"['Weight_Loss', 'Joint_Pain', 'Digestion']"
Walnut,206,30.62,77.15,10.71,Tikta (Bitter),Shita (Cold),Katu (Pungent),Favor,Neutral,Avoid,East Indian,"['Digestion', 'Weight_Loss']"
Mutton Curry,129,37.29,56.26,1.11,Amla (Sour),Ushna (Hot),Katu (Pungent),Avoid,Neutral,Avoid,West Indian,['Digestion']
Sweet Potato,107,15.57,69.32,1.81,Madhura (Sweet),Ushna (Hot),Amla (Sour),Avoid,Avoid,Avoid,East Indian,"['Skin_Health', 'Stress', 'Weight_Loss']"
White Chocolate,196,10.91,34.74,16.02,Tikta (Bitter),Ushna (Hot),Madhura (Sweet),Favor,Favor,Favor,East Indian,"['Acidity', 'Hair_Growth']"
Pani Puri,332,32.04,22.62,34.31,Kashaya (Astringent),Shita (Cold),Katu (Pungent),Avoid,Neutral,Favor,West Indian,['Joint_Pain']
Soya Chunks,440,29.95,46.36,11.3,Amla (Sour),Ushna (Hot),Katu (Pungent),Favor,Favor,Favor,North Indian,"['General_Wellness', 'Weight_Gain', 'Digestion']"
Eggplant,299,34.31,47.47,4.94,Lavana (Salty),Ushna (Hot),Madhura (Sweet),Favor,Neutral,Favor,West Indian,['Immunity']
Ashwagandha,409,7.08,37.39,21.22,Lavana (Salty),Ushna (Hot),Amla (Sour),Neutral,Favor,Favor,East Indian,"['Diabetes', 'Weight_Gain', 'Hair_Growth']"
Green Cardamom,512,30.01,72.27,11.64,Amla (Sour),Ushna (Hot),Katu (Pungent),Avoid,Avoid,Favor,East Indian,"['Acidity', 'Heart_Health', 'Immunity']"
Tofu,57,22.32,63.3,20.55,Madhura (Sweet),Ushna (Hot),Amla (Sour),Avoid,Favor,Neutral,East Indian,"['Immunity', 'Weight_Loss']"
Kofta,441,6.81,50.77,34.86,Katu (Pungent),Shita (Cold),Katu (Pungent),Favor,Avoid,Favor,South Indian,"['Acidity', 'Weight_Loss', 'Hair_Growth']"
Bell Pepper,59,34.94,24.69,6.45,Kashaya (Astringent),Ushna (Hot),Amla (Sour),Favor,Avoid,Favor,West Indian,"['Weight_Loss', 'Stress']"
Turnip,102,31.36,69.18,27.57,Madhura (Sweet),Shita (Cold),Katu (Pungent),Favor,Avoid,Neutral,North Indian,['Hair_Growth']
Triphala,173,24.08,17.22,8.11,Kashaya (Astringent),Shita (Cold),Katu (Pungent),Neutral,Avoid,Favor,West Indian,"['Heart_Health', 'Weight_Gain']"
Papad,102,34.91,9.48,25.54,Amla (Sour),Shita (Cold),Katu (Pungent),Avoid,Avoid,Avoid,North Indian,['Hair_Growth']
Gajar ka Halwa,405,18.94,45.79,28.13,Amla (Sour),Ushna (Hot),Madhura (Sweet),Favor,Avoid,Favor,West Indian,['Diabetes']
Turmeric,269,26.93,65.28,15.43,Amla (Sour),Shita (Cold),Madhura (Sweet),Favor,Favor,Favor,South Indian,"['General_Wellness', 'Skin_Health', 'Hair_Growth']"
Masoor Dal,114,19.95,31.51,25.01,Amla (Sour),Ushna (Hot),Amla (Sour),Avoid,Favor,Neutral,West Indian,"['Weight_Gain', 'Acidity']"
Gajar ka Halwa,404,2.97,21.48,24.38,Tikta (Bitter),Shita (Cold),Madhura (Sweet),Avoid,Avoid,Avoid,West Indian,"['Weight_Loss', 'Heart_Health', 'Skin_Health']"
Blueberry,445,23.72,12.85,7.16,Amla (Sour),Ushna (Hot),Amla (Sour),Avoid,Favor,Avoid,South Indian,"['General_Wellness', 'Weight_Gain', 'Acidity']"
Aloe Vera Juice,160,17.04,51.19,31.23,Tikta (Bitter),Shita (Cold),Madhura (Sweet),Favor,Favor,Favor,West Indian,"['Weight_Gain', 'Digestion']"
Okra,581,9.34,47.18,3.07,Madhura (Sweet),Shita (Cold),Amla (Sour),Avoid,Favor,Avoid,North Indian,"['General_Wellness', 'Digestion', 'Acidity']"
Baingan Bharta,324,8.24,10.32,11.54,Tikta (Bitter),Shita (Cold),Katu (Pungent),Avoid,Favor,Favor,West Indian,"['Acidity', 'Joint_Pain', 'Hair_Growth']"
Turmeric,233,12.23,47.71,33.16,Kashaya (Astringent),Shita (Cold),Madhura (Sweet),Favor,Neutral,Favor,East Indian,['Acidity']
Lemon,182,27.62,56.47,23.01,Kashaya (Astringent),Ushna (Hot),Katu (Pungent),Neutral,Avoid,Favor,West Indian,['Digestion']
Eggs,296,16.13,47.95,31.56,Katu (Pungent),Shita (Cold),Amla (Sour),Favor,Favor,Favor,West Indian,"['Heart_Health', 'Skin_Health']"
Avial,206,2.13,33.55,21.24,Madhura (Sweet),Shita (Cold),Madhura (Sweet),Favor,Favor,Avoid,West Indian,"['Weight_Loss', 'Digestion']"
Medu Vada,423,13.82,21.68,4.53,Madhura (Sweet),Ushna (Hot),Katu (Pungent),Avoid,Favor,Neutral,South Indian,"['Diabetes', 'Hair_Growth']"
Avial,330,37.93,33.02,34.41,Lavana (Salty),Ushna (Hot),Katu (Pungent),Favor,Favor,Avoid,South Indian,"['Digestion', 'Heart_Health']"
Pomegranate,589,6.61,39.97,0.62,Katu (Pungent),Shita (Cold),Madhura (Sweet),Favor,Favor,Favor,South Indian,['Immunity']
Crab,252,4.02,62.58,23.47,Lavana (Salty),Ushna (Hot),Madhura (Sweet),Favor,Favor,Avoid,East Indian,"['Joint_Pain', 'Acidity', 'Digestion']"
Asafoetida,209,22.02,67.97,4.6,Amla (Sour),Ushna (Hot),Amla (Sour),Avoid,Neutral,Avoid,East Indian,"['Digestion', 'Immunity', 'Weight_Loss']"
Eggs,326,18.19,30.63,23.81,Lavana (Salty),Shita (Cold),Amla (Sour),Favor,Favor,Favor,South Indian,['Joint_Pain']
Wheat,51,16.8,43.89,11.7,Amla (Sour),Ushna (Hot),Madhura (Sweet),Favor,Avoid,Favor,West Indian,['Immunity']
Coconut Water,515,25.06,65.62,26.34,Lavana (Salty),Ushna (Hot),Katu (Pungent),Favor,Favor,Favor,North Indian,"['Hair_Growth', 'Heart_Health']"
Poha,278,20.68,19.7,34.85,Amla (Sour),Ushna (Hot),Katu (Pungent),Favor,Avoid,Favor,West Indian,"['Weight_Gain', 'Digestion']"
Peanut Oil,87,27.55,24.59,11.71,Kashaya (Astringent),Shita (Cold),Madhura (Sweet),Favor,Avoid,Avoid,West Indian,"['Joint_Pain', 'Weight_Gain', 'General_Wellness']"
Garlic,534,34.64,57.57,2.02,Amla (Sour),Ushna (Hot),Amla (Sour),Neutral,Favor,Avoid,South Indian,"['Skin_Health', 'Joint_Pain', 'Acidity']"
Carrot,233,24.34,13.82,21.21,Katu (Pungent),Ushna (Hot),Amla (Sour),Neutral,Avoid,Avoid,South Indian,['Heart_Health']
Arugula,115,29.01,41.42,33.27,Madhura (Sweet),Ushna (Hot),Katu (Pungent),Favor,Avoid,Neutral,West Indian,"['Hair_Growth', 'Weight_Gain', 'Diabetes']"
Brazil Nut,63,6.39,60.85,9.83,Tikta (Bitter),Shita (Cold),Madhura (Sweet),Favor,Avoid,Avoid,West Indian,"['General_Wellness', 'Hair_Growth']"
Star Anise,457,14.2,78.64,3.68,Madhura (Sweet),Ushna (Hot),Katu (Pungent),Favor,Avoid,Favor,North Indian,"['Hair_Growth', 'Skin_Health', 'Diabetes']"
Star Anise,168,38.21,24.66,31.85,Kashaya (Astringent),Ushna (Hot),Katu (Pungent),Favor,Avoid,Favor,West Indian,"['Digestion', 'Diabetes']"
Raj Kachori,481,18.56,45.25,10.14,Katu (Pungent),Shita (Cold),Katu (Pungent),Avoid,Favor,Favor,West Indian,['Stress']
Radish,572,21.08,44.16,7.2,Kashaya (Astringent),Shita (Cold),Madhura (Sweet),Neutral,Avoid,Favor,East Indian,['Weight_Loss']
Cardamom,350,4.66,25.15,5.83,Madhura (Sweet),Shita (Cold),Amla (Sour),Avoid,Favor,Favor,North Indian,"['Acidity', 'Digestion']"
Oats,454,2.24,16.88,34.26,Kashaya (Astringent),Shita (Cold),Katu (Pungent),Favor,Avoid,Favor,North Indian,"['Acidity', 'Skin_Health', 'Stress']"
Avocado,443,27.14,34.41,2.91,Tikta (Bitter),Shita (Cold),Katu (Pungent),Avoid,Avoid,Neutral,South Indian,['Heart_Health']
Lobster,282,2.84,21.41,4.21,Kashaya (Astringent),Shita (Cold),Amla (Sour),Avoid,Favor,Favor,South Indian,"['Diabetes', 'Weight_Gain']"
Lemon,210,34.27,27.55,9.49,Madhura (Sweet),Ushna (Hot),Katu (Pungent),Neutral,Favor,Avoid,South Indian,"['Stress', 'Acidity', 'Diabetes']"
Onion,451,14.08,13.69,33.27,Tikta (Bitter),Shita (Cold),Madhura (Sweet),Favor,Avoid,Favor,South Indian,"['Weight_Gain', 'Heart_Health']"
Persimmon,74,28.47,43.04,8.82,Kashaya (Astringent),Ushna (Hot),Katu (Pungent),Avoid,Favor,Favor,West Indian,"['Digestion', 'General_Wellness']"
Hazelnut,84,18.02,49.79,33.18,Tikta (Bitter),Shita (Cold),Amla (Sour),Avoid,Avoid,Favor,North Indian,"['Skin_Health', 'Hair_Growth']"
Avial,441,20.97,57.64,20.06,Tikta (Bitter),Shita (Cold),Katu (Pungent),Favor,Avoid,Neutral,South Indian,['Acidity']
Sapota,524,25.41,75.66,33.31,Lavana (Salty),Ushna (Hot),Madhura (Sweet),Avoid,Favor,Favor,North Indian,"['Acidity', 'Digestion']"
Cucumber,167,26.96,68.39,3.35,Amla (Sour),Shita (Cold),Katu (Pungent),Favor,Favor,Avoid,North Indian,"['General_Wellness', 'Stress', 'Diabetes']"
Yogurt,478,31.75,32.51,9.89,Amla (Sour),Ushna (Hot),Amla (Sour),Favor,Favor,Avoid,South Indian,"['Weight_Gain', 'Skin_Health', 'Hair_Growth']"
Sambar,438,36.66,77.92,17.65,Amla (Sour),Ushna (Hot),Madhura (Sweet),Avoid,Favor,Avoid,North Indian,"['Joint_Pain', 'Diabetes', 'Weight_Loss']"
Masoor Dal,76,36.32,44.65,18.79,Katu (Pungent),Ushna (Hot),Katu (Pungent),Avoid,Favor,Avoid,West Indian,"['Heart_Health', 'General_Wellness', 'Hair_Growth']"
Pomegranate,241,8.92,48.7,21.72,Tikta (Bitter),Shita (Cold),Madhura (Sweet),Neutral,Favor,Avoid,East Indian,['Immunity']
Ginger,335,12.7,6.07,4.58,Kashaya (Astringent),Shita (Cold),Madhura (Sweet),Neutral,Favor,Favor,South Indian,"['Joint_Pain', 'General_Wellness']"
Jackfruit,441,36.86,27.86,8.14,Katu (Pungent),Shita (Cold),Madhura (Sweet),Favor,Avoid,Favor,West Indian,['Joint_Pain']
Pongal,539,5.28,22.26,26.93,Tikta (Bitter),Shita (Cold),Amla (Sour),Avoid,Favor,Favor,West Indian,['Weight_Gain']
Sambar,319,34.74,67.79,24.01,Lavana (Salty),Shita (Cold),Amla (Sour),Neutral,Favor,Favor,West Indian,"['Immunity', 'Acidity', 'Heart_Health']"
Green Gram,536,36.84,62.14,11.92,Katu (Pungent),Shita (Cold),Katu (Pungent),Favor,Favor,Avoid,West Indian,"['Diabetes', 'Stress', 'Digestion']"
Rajma Chawal,428,6.65,61.93,21.05,Tikta (Bitter),Ushna (Hot),Katu (Pungent),Avoid,Avoid,Avoid,East Indian,"['Heart_Health', 'Stress', 'Immunity']"
Fish Curry,517,18.77,9.72,30.63,Amla (Sour),Ushna (Hot),Katu (Pungent),Favor,Neutral,Avoid,South Indian,['Immunity']
Oregano,186,39.61,15.04,26.74,Kashaya (Astringent),Shita (Cold),Amla (Sour),Favor,Favor,Favor,West Indian,['Stress']
Wheatgrass Juice,211,38.02,31.99,3.95,Amla (Sour),Ushna (Hot),Katu (Pungent),Favor,Neutral,Avoid,North Indian,"['General_Wellness', 'Acidity', 'Heart_Health']"
Turnip,65,33.88,51.73,25.92,Amla (Sour),Shita (Cold),Madhura (Sweet),Neutral,Avoid,Favor,East Indian,['Weight_Gain']
Hyderabadi Biryani,124,7.19,32.15,16.51,Tikta (Bitter),Shita (Cold),Amla (Sour),Avoid,Avoid,Avoid,East Indian,"['Immunity', 'Weight_Loss', 'Diabetes']"
Halwa,505,34.12,50.69,21.53,Amla (Sour),Shita (Cold),Madhura (Sweet),Favor,Favor,Favor,East Indian,"['Immunity', 'Skin_Health']"
Farro,66,34.66,77.66,22.94,Lavana (Salty),Ushna (Hot),Madhura (Sweet),Avoid,Favor,Avoid,South Indian,"['Heart_Health', 'Joint_Pain']"
Agave Nectar,98,35.87,41.2,5.18,Madhura (Sweet),Shita (Cold),Amla (Sour),Neutral,Favor,Avoid,North Indian,"['Weight_Gain', 'Joint_Pain']"
Yogurt,81,16.5,22.51,3.97,Katu (Pungent),Shita (Cold),Amla (Sour),Avoid,Favor,Neutral,East Indian,"['Digestion', 'Acidity']"
Walnut,221,28.43,76.32,4.12,Amla (Sour),Ushna (Hot),Madhura (Sweet),Favor,Avoid,Avoid,South Indian,['General_Wellness']
Honey,365,28.31,78.13,21.61,Lavana (Salty),Shita (Cold),Katu (Pungent),Avoid,Avoid,Favor,West Indian,"['General_Wellness', 'Weight_Loss', 'Weight_Gain']"
Cabbage,303,8.79,12.96,13.85,Katu (Pungent),Shita (Cold),Amla (Sour),Avoid,Avoid,Favor,West Indian,"['Weight_Loss', 'Hair_Growth']"
Nectarine,569,27.99,35.44,23.33,Katu (Pungent),Shita (Cold),Amla (Sour),Favor,Avoid,Favor,East Indian,['Weight_Gain']
Lamb,302,15.75,28.57,25.07,Madhura (Sweet),Ushna (Hot),Amla (Sour),Avoid,Avoid,Avoid,North Indian,"['Heart_Health', 'General_Wellness']"
Pomegranate,524,15.12,33.09,30.18,Tikta (Bitter),Ushna (Hot),Katu (Pungent),Favor,Avoid,Favor,North Indian,['Digestion']
Sambar,186,27.63,19.68,5.75,Tikta (Bitter),Ushna (Hot),Amla (Sour),Avoid,Avoid,Favor,South Indian,"['Weight_Loss', 'Heart_Health']"
Okra,592,19.93,42.39,31.0,Madhura (Sweet),Shita (Cold),Amla (Sour),Favor,Favor,Neutral,West Indian,"['Joint_Pain', 'Hair_Growth', 'Weight_Gain']"
Grape,237,38.91,31.34,30.44,Katu (Pungent),Ushna (Hot),Katu (Pungent),Favor,Avoid,Favor,East Indian,"['Heart_Health', 'Acidity']"
Cashew,211,29.37,65.83,5.28,Amla (Sour),Ushna (Hot),Madhura (Sweet),Favor,Avoid,Avoid,South Indian,"['Heart_Health', 'Joint_Pain']"
Guava,161,17.24,49.55,10.41,Katu (Pungent),Ushna (Hot),Amla (Sour),Favor,Favor,Favor,East Indian,['Immunity']
Peach,213,14.01,67.27,19.32,Madhura (Sweet),Shita (Cold),Amla (Sour),Neutral,Avoid,Avoid,South Indian,['Skin_Health']
Dosa,111,7.15,37.66,33.83,Lavana (Salty),Shita (Cold),Madhura (Sweet),Favor,Avoid,Favor,West Indian,['Weight_Gain']
Fennel Seeds,245,13.1,52.31,0.66,Kashaya (Astringent),Shita (Cold),Amla (Sour),Avoid,Favor,Neutral,East Indian,"['Acidity', 'Digestion', 'Skin_Health']"
Aloe Vera Juice,355,10.1,70.06,21.16,Lavana (Salty),Ushna (Hot),Amla (Sour),Neutral,Favor,Favor,South Indian,['Immunity']
Pickle,485,12.6,27.11,30.37,Amla (Sour),Shita (Cold),Amla (Sour),Avoid,Favor,Favor,East Indian,"['Weight_Gain', 'Diabetes', 'Hair_Growth']"
Kidney Beans,121,22.05,5.64,4.71,Katu (Pungent),Ushna (Hot),Amla (Sour),Favor,Favor,Avoid,North Indian,['Heart_Health']
Sesame Oil,321,27.83,41.76,4.29,Kashaya (Astringent),Shita (Cold),Katu (Pungent),Avoid,Avoid,Avoid,West Indian,"['Digestion', 'Skin_Health', 'Weight_Loss']"
Curry Leaves,220,19.13,46.9,0.59,Katu (Pungent),Shita (Cold),Amla (Sour),Avoid,Avoid,Favor,East Indian,['Diabetes']
Rice,378,34.12,13.75,1.75,Lavana (Salty),Ushna (Hot),Madhura (Sweet),Favor,Avoid,Avoid,South Indian,['Weight_Loss']
Thepla,414,37.74,65.83,8.11,Madhura (Sweet),Shita (Cold),Katu (Pungent),Avoid,Favor,Avoid,South Indian,['Diabetes']
Peanut,105,38.14,53.45,23.88,Katu (Pungent),Ushna (Hot),Madhura (Sweet),Avoid,Avoid,Avoid,West Indian,['Diabetes']
Mysore Pak,342,13.39,56.72,15.14,Kashaya (Astringent),Shita (Cold),Katu (Pungent),Avoid,Avoid,Favor,North Indian,['Heart_Health']
Palak Paneer,140,35.72,46.18,33.15,Tikta (Bitter),Ushna (Hot),Katu (Pungent),Avoid,Avoid,Neutral,North Indian,"['Hair_Growth', 'General_Wellness']"
Pumpkin,81,28.21,58.98,19.75,Amla (Sour),Ushna (Hot),Amla (Sour),Favor,Favor,Avoid,West Indian,"['Digestion', 'Weight_Loss', 'Hair_Growth']"
Yam,483,21.26,66.94,29.34,Lavana (Salty),Shita (Cold),Madhura (Sweet),Favor,Neutral,Neutral,North Indian,"['General_Wellness', 'Diabetes', 'Joint_Pain']"
Cucumber,566,20.64,67.69,28.57,Katu (Pungent),Shita (Cold),Amla (Sour),Avoid,Avoid,Neutral,North Indian,['Weight_Gain']
Black Salt,471,38.9,73.22,16.2,Kashaya (Astringent),Shita (Cold),Katu (Pungent),Neutral,Avoid,Favor,South Indian,"['Joint_Pain', 'Acidity']"
Rice,58,36.7,10.89,28.97,Kashaya (Astringent),Shita (Cold),Madhura (Sweet),Favor,Avoid,Favor,South Indian,['Diabetes']
Chicken Tikka Masala,457,31.98,10.51,7.11,Lavana (Salty),Ushna (Hot),Madhura (Sweet),Favor,Favor,Favor,West Indian,"['Weight_Gain', 'Immunity']"
Strawberry,409,37.19,58.74,34.07,Kashaya (Astringent),Ushna (Hot),Madhura (Sweet),Favor,Avoid,Avoid,West Indian,"['Hair_Growth', 'Stress']"
Barley,469,12.2,19.33,18.04,Tikta (Bitter),Ushna (Hot),Amla (Sour),Favor,Avoid,Avoid,West Indian,['Joint_Pain']
Mango,424,23.88,46.32,33.62,Kashaya (Astringent),Shita (Cold),Katu (Pungent),Favor,Favor,Favor,North Indian,['Acidity']
Peanut,331,11.62,8.16,3.01,Katu (Pungent),Shita (Cold),Amla (Sour),Avoid,Favor,Neutral,North Indian,['Joint_Pain']
Rosemary,206,39.77,70.25,16.57,Tikta (Bitter),Ushna (Hot),Madhura (Sweet),Avoid,Favor,Favor,West Indian,"['Skin_Health', 'Diabetes', 'Weight_Gain']"
Brazil Nut,132,4.51,15.13,23.4,Katu (Pungent),Ushna (Hot),Amla (Sour),Avoid,Neutral,Favor,East Indian,"['Hair_Growth', 'Stress']"
Chole Kulche,376,17.62,22.57,18.24,Kashaya (Astringent),Ushna (Hot),Amla (Sour),Favor,Favor,Favor,East Indian,"['Acidity', 'Weight_Gain', 'Stress']"
Tofu,252,17.28,65.46,4.47,Amla (Sour),Ushna (Hot),Amla (Sour),Favor,Favor,Avoid,South Indian,"['Acidity', 'Weight_Gain']"
Macadamia,580,23.38,57.51,34.89,Kashaya (Astringent),Ushna (Hot),Amla (Sour),Avoid,Favor,Favor,North Indian,"['Digestion', 'Weight_Gain', 'Heart_Health']"
Toor Dal,403,7.8,31.08,14.72,Katu (Pungent),Shita (Cold),Amla (Sour),Favor,Avoid,Favor,South Indian,['Skin_Health']
Dal Tadka,254,37.48,28.29,12.94,Madhura (Sweet),Ushna (Hot),Amla (Sour),Avoid,Neutral,Favor,North Indian,"['Stress', 'Joint_Pain', 'Weight_Loss']"
Jaggery,264,17.73,61.96,30.66,Amla (Sour),Shita (Cold),Madhura (Sweet),Avoid,Avoid,Favor,North Indian,"['Skin_Health', 'Weight_Gain', 'General_Wellness']"
Orange,255,6.17,53.56,15.6,Lavana (Salty),Shita (Cold),Katu (Pungent),Avoid,Avoid,Avoid,South Indian,['Stress']
Oregano,420,20.96,76.18,32.97,Amla (Sour),Ushna (Hot),Amla (Sour),Avoid,Favor,Avoid,North Indian,['Hair_Growth']
Cumin,174,20.53,52.17,22.66,Madhura (Sweet),Ushna (Hot),Katu (Pungent),Favor,Avoid,Neutral,South Indian,"['Weight_Gain', 'Diabetes', 'Heart_Health']"
Coffee,556,12.13,64.99,0.84,Amla (Sour),Ushna (Hot),Amla (Sour),Avoid,Favor,Neutral,North Indian,"['Acidity', 'Stress', 'Immunity']"
Orange,198,21.14,66.09,28.77,Katu (Pungent),Shita (Cold),Katu (Pungent),Favor,Favor,Avoid,South Indian,"['Weight_Loss', 'Weight_Gain']"
Green Tea,347,10.82,17.53,26.71,Madhura (Sweet),Shita (Cold),Katu (Pungent),Favor,Favor,Neutral,East Indian,['Digestion']
Karela Juice,142,21.04,54.42,24.17,Madhura (Sweet),Shita (Cold),Amla (Sour),Favor,Favor,Avoid,South Indian,"['Heart_Health', 'Immunity', 'Weight_Loss']"
Giloy,221,11.42,61.11,21.27,Tikta (Bitter),Ushna (Hot),Amla (Sour),Favor,Avoid,Avoid,North Indian,"['Digestion', 'Stress']"
Brazil Nut,475,13.19,44.66,29.48,Lavana (Salty),Shita (Cold),Madhura (Sweet),Favor,Neutral,Favor,North Indian,"['Skin_Health', 'General_Wellness', 'Digestion']"
Halwa,208,23.83,5.98,16.9,Lavana (Salty),Shita (Cold),Madhura (Sweet),Favor,Avoid,Avoid,North Indian,['Weight_Loss']
Banana,325,28.17,76.36,19.9,Amla (Sour),Shita (Cold),Katu (Pungent),Neutral,Favor,Neutral,East Indian,['Acidity']
Aloo Gobi,264,10.47,36.84,2.99,Amla (Sour),Shita (Cold),Madhura (Sweet),Avoid,Favor,Favor,North Indian,"['General_Wellness', 'Skin_Health', 'Diabetes']"
Millet,461,33.32,17.5,20.39,Tikta (Bitter),Shita (Cold),Madhura (Sweet),Favor,Favor,Neutral,North Indian,"['Weight_Gain', 'Skin_Health']"
Dark Chocolate,244,26.15,54.7,26.26,Tikta (Bitter),Ushna (Hot),Madhura (Sweet),Avoid,Avoid,Favor,East Indian,['Immunity']
Soybeans,529,15.67,32.56,34.36,Katu (Pungent),Shita (Cold),Amla (Sour),Favor,Favor,Favor,North Indian,['Heart_Health']
Agave Nectar,225,29.96,56.63,26.54,Amla (Sour),Shita (Cold),Amla (Sour),Avoid,Avoid,Favor,South Indian,"['Joint_Pain', 'Digestion']"
Brussels Sprouts,585,11.97,71.35,24.36,Lavana (Salty),Ushna (Hot),Amla (Sour),Avoid,Favor,Favor,West Indian,['Weight_Gain']
Cilantro,231,9.54,13.27,20.41,Katu (Pungent),Ushna (Hot),Amla (Sour),Favor,Avoid,Avoid,South Indian,['Diabetes']
Avocado,205,39.56,49.08,8.23,Katu (Pungent),Ushna (Hot),Katu (Pungent),Neutral,Avoid,Avoid,South Indian,"['Stress', 'Hair_Growth']"
Apricot,494,11.15,72.53,3.76,Katu (Pungent),Ushna (Hot),Madhura (Sweet),Avoid,Favor,Favor,East Indian,"['Joint_Pain', 'Weight_Gain', 'Acidity']"
Urad Dal,387,2.73,53.9,2.35,Lavana (Salty),Ushna (Hot),Katu (Pungent),Favor,Avoid,Avoid,East Indian,['Skin_Health']
Macadamia,288,24.18,18.76,21.32,Madhura (Sweet),Shita (Cold),Amla (Sour),Avoid,Avoid,Avoid,West Indian,"['Weight_Loss', 'General_Wellness']"
Pistachio,406,3.86,67.82,17.39,Amla (Sour),Shita (Cold),Madhura (Sweet),Favor,Avoid,Neutral,South Indian,['Skin_Health']
Avocado,377,7.8,61.9,23.46,Katu (Pungent),Ushna (Hot),Madhura (Sweet),Favor,Avoid,Avoid,West Indian,"['Immunity', 'Joint_Pain']"
Custard Apple,202,8.02,71.04,8.78,Kashaya (Astringent),Shita (Cold),Amla (Sour),Neutral,Favor,Neutral,North Indian,"['General_Wellness', 'Immunity']"
Crab,261,26.58,21.41,26.67,Kashaya (Astringent),Shita (Cold),Amla (Sour),Favor,Avoid,Favor,West Indian,"['Joint_Pain', 'Weight_Gain']"
Sev Puri,193,15.68,40.79,21.36,Katu (Pungent),Shita (Cold),Madhura (Sweet),Avoid,Favor,Favor,East Indian,"['Joint_Pain', 'Hair_Growth', 'Skin_Health']"
Kashmiri Pulao,538,8.75,79.86,28.92,Katu (Pungent),Ushna (Hot),Katu (Pungent),Favor,Avoid,Favor,South Indian,['Digestion']
Pakora,390,29.54,35.11,1.64,Madhura (Sweet),Ushna (Hot),Amla (Sour),Neutral,Avoid,Favor,North Indian,"['Acidity', 'Weight_Loss', 'Heart_Health']"
Kidney Beans,430,12.97,63.96,8.6,Katu (Pungent),Shita (Cold),Amla (Sour),Avoid,Neutral,Favor,South Indian,['Digestion']
Custard Apple,239,36.28,69.25,14.61,Madhura (Sweet),Shita (Cold),Amla (Sour),Favor,Favor,Favor,East Indian,['Heart_Health']
Chana Dal,192,11.09,28.31,19.26,Lavana (Salty),Shita (Cold),Madhura (Sweet),Avoid,Favor,Avoid,East Indian,"['Skin_Health', 'Heart_Health']"
Fenugreek Seeds,318,21.78,78.79,18.55,Katu (Pungent),Ushna (Hot),Amla (Sour),Avoid,Avoid,Favor,South Indian,"['Immunity', 'Acidity', 'Skin_Health']"
Gajar ka Halwa,400,27.43,14.12,9.67,Madhura (Sweet),Shita (Cold),Katu (Pungent),Favor,Favor,Avoid,South Indian,['Joint_Pain']
Litchi,96,15.31,58.88,13.31,Amla (Sour),Ushna (Hot),Madhura (Sweet),Avoid,Avoid,Favor,East Indian,"['Weight_Gain', 'Acidity']"
Avocado,67,39.99,63.35,34.14,Katu (Pungent),Shita (Cold),Katu (Pungent),Favor,Favor,Favor,North Indian,"['Digestion', 'General_Wellness']"
Palak Dal,321,13.0,70.39,29.72,Kashaya (Astringent),Shita (Cold),Katu (Pungent),Avoid,Favor,Favor,North Indian,"['Heart_Health', 'Digestion', 'General_Wellness']"
Medu Vada,317,11.85,57.4,26.66,Katu (Pungent),Ushna (Hot),Katu (Pungent),Favor,Favor,Avoid,North Indian,"['Acidity', 'Heart_Health']"
Blueberry,153,13.86,76.67,15.2,Tikta (Bitter),Ushna (Hot),Madhura (Sweet),Neutral,Favor,Neutral,North Indian,"['Diabetes', 'Digestion', 'Stress']"
Onion,280,19.0,76.28,7.77,Katu (Pungent),Ushna (Hot),Katu (Pungent),Avoid,Neutral,Avoid,West Indian,['Stress']
Curry,376,18.79,16.32,28.32,Madhura (Sweet),Ushna (Hot),Katu (Pungent),Avoid,Favor,Favor,West Indian,['Acidity']
Jaggery,78,25.39,34.36,12.44,Amla (Sour),Shita (Cold),Madhura (Sweet),Favor,Avoid,Favor,East Indian,"['Heart_Health', 'Joint_Pain']"
Corn,449,8.5,73.52,24.02,Tikta (Bitter),Ushna (Hot),Amla (Sour),Favor,Favor,Favor,West Indian,"['Skin_Health', 'Weight_Loss', 'Stress']"
Guava,168,6.45,14.52,6.97,Amla (Sour),Shita (Cold),Amla (Sour),Favor,Favor,Neutral,East Indian,"['Acidity', 'Hair_Growth', 'Heart_Health']"
Kheer,514,37.97,71.6,27.04,Katu (Pungent),Shita (Cold),Katu (Pungent),Avoid,Favor,Avoid,North Indian,"['Immunity', 'Diabetes', 'Weight_Gain']"
Asafoetida,484,36.46,47.48,28.09,Lavana (Salty),Ushna (Hot),Madhura (Sweet),Favor,Favor,Avoid,North Indian,"['Stress', 'Skin_Health']"
Vegetable Korma,468,5.68,44.02,18.74,Madhura (Sweet),Ushna (Hot),Madhura (Sweet),Avoid,Favor,Avoid,West Indian,['Joint_Pain']
Coconut Oil,106,31.31,65.21,13.22,Lavana (Salty),Shita (Cold),Madhura (Sweet),Favor,Avoid,Favor,South Indian,"['Digestion', 'Stress', 'Weight_Gain']"
Cabbage,519,19.67,32.49,4.87,Tikta (Bitter),Shita (Cold),Amla (Sour),Favor,Avoid,Avoid,West Indian,"['Hair_Growth', 'Stress']"
Gajar ka Halwa,411,14.84,71.92,21.78,Amla (Sour),Ushna (Hot),Amla (Sour),Favor,Favor,Favor,North Indian,['Weight_Loss']
Vindaloo,571,24.48,50.81,25.3,Katu (Pungent),Shita (Cold),Amla (Sour),Avoid,Favor,Avoid,West Indian,"['Heart_Health', 'Joint_Pain']"
Bell Pepper,57,18.81,65.19,32.49,Amla (Sour),Ushna (Hot),Amla (Sour),Favor,Neutral,Avoid,South Indian,"['Weight_Loss', 'Acidity']"
Matar Paneer,512,21.03,34.84,29.48,Kashaya (Astringent),Shita (Cold),Madhura (Sweet),Favor,Favor,Favor,West Indian,"['Hair_Growth', 'General_Wellness']"
Rice,394,15.27,26.82,21.25,Kashaya (Astringent),Shita (Cold),Madhura (Sweet),Avoid,Neutral,Favor,North Indian,"['Joint_Pain', 'Weight_Loss', 'General_Wellness']"
Chicken,78,13.69,25.94,16.65,Tikta (Bitter),Shita (Cold),Katu (Pungent),Avoid,Favor,Favor,North Indian,"['Digestion', 'Stress']"
Samosa Chaat,576,15.17,68.4,25.02,Madhura (Sweet),Shita (Cold),Katu (Pungent),Favor,Favor,Neutral,South Indian,['Hair_Growth']
Eggs,276,5.11,14.45,29.34,Amla (Sour),Ushna (Hot),Amla (Sour),Favor,Favor,Neutral,East Indian,"['Acidity', 'Stress']"
Potato,474,30.12,59.49,33.18,Tikta (Bitter),Shita (Cold),Madhura (Sweet),Favor,Favor,Favor,South Indian,"['Diabetes', 'Heart_Health', 'General_Wellness']"
Beef,402,36.65,64.49,6.58,Amla (Sour),Shita (Cold),Katu (Pungent),Avoid,Avoid,Favor,North Indian,"['Acidity', 'Diabetes']"
Papaya,54,3.82,63.87,13.77,Madhura (Sweet),Shita (Cold),Madhura (Sweet),Avoid,Avoid,Favor,West Indian,"['Skin_Health', 'Digestion']"
Palak Dal,350,15.82,64.39,11.41,Madhura (Sweet),Ushna (Hot),Madhura (Sweet),Avoid,Favor,Avoid,South Indian,"['General_Wellness', 'Stress']"
Curry Leaves,316,6.38,16.94,26.41,Amla (Sour),Ushna (Hot),Madhura (Sweet),Neutral,Favor,Favor,West Indian,"['Acidity', 'Digestion']"
Jowar Roti,152,2.21,36.17,15.57,Kashaya (Astringent),Ushna (Hot),Katu (Pungent),Favor,Favor,Neutral,East Indian,"['Acidity', 'Immunity', 'Weight_Loss']"
Sambar,458,8.62,36.0,27.08,Kashaya (Astringent),Ushna (Hot),Amla (Sour),Favor,Favor,Avoid,East Indian,"['Weight_Loss', 'Diabetes']"
Custard Apple,244,12.72,62.34,4.18,Tikta (Bitter),Shita (Cold),Katu (Pungent),Neutral,Favor,Avoid,West Indian,"['Diabetes', 'Joint_Pain']"
Aloo Gobi,487,19.71,50.41,3.75,Tikta (Bitter),Shita (Cold),Madhura (Sweet),Favor,Neutral,Favor,West Indian,"['Acidity', 'Diabetes']"
Sunflower Oil,106,38.51,67.16,31.97,Kashaya (Astringent),Shita (Cold),Amla (Sour),Favor,Neutral,Favor,West Indian,['Stress']
Kashmiri Pulao,119,9.73,26.47,28.62,Lavana (Salty),Ushna (Hot),Madhura (Sweet),Favor,Favor,Avoid,North Indian,"['Heart_Health', 'Weight_Gain']"
Halwa,330,12.73,13.06,15.44,Lavana (Salty),Shita (Cold),Madhura (Sweet),Neutral,Avoid,Avoid,North Indian,"['Diabetes', 'Joint_Pain']"
Sesame Oil,553,28.4,49.08,7.47,Amla (Sour),Shita (Cold),Madhura (Sweet),Avoid,Avoid,Favor,West Indian,['Weight_Loss']
Matar Paneer,148,12.81,36.5,13.76,Lavana (Salty),Ushna (Hot),Amla (Sour),Favor,Avoid,Favor,West Indian,"['Hair_Growth', 'Weight_Loss', 'Acidity']"
Edamame,217,37.34,54.77,11.04,Amla (Sour),Ushna (Hot),Katu (Pungent),Avoid,Avoid,Avoid,North Indian,"['Immunity', 'Weight_Gain', 'Stress']"
Rasam,334,27.85,34.56,27.95,Amla (Sour),Ushna (Hot),Madhura (Sweet),Avoid,Avoid,Favor,West Indian,"['Stress', 'General_Wellness', 'Digestion']"
Chicken,408,10.77,57.96,14.08,Kashaya (Astringent),Shita (Cold),Amla (Sour),Favor,Favor,Avoid,East Indian,['Heart_Health']
Biryani,267,15.86,78.72,29.31,Lavana (Salty),Shita (Cold),Amla (Sour),Avoid,Favor,Avoid,West Indian,"['Joint_Pain', 'Weight_Loss']"
Black Cardamom,431,30.91,18.36,20.76,Kashaya (Astringent),Ushna (Hot),Amla (Sour),Neutral,Avoid,Avoid,East Indian,['Acidity']
Cranberry,293,18.99,54.23,13.97,Lavana (Salty),Ushna (Hot),Katu (Pungent),Favor,Avoid,Avoid,West Indian,"['Immunity', 'Weight_Gain']"
Upma,86,37.1,68.65,17.27,Kashaya (Astringent),Shita (Cold),Katu (Pungent),Avoid,Avoid,Avoid,West Indian,"['Stress', 'Diabetes', 'General_Wellness']"
Pistachio,261,14.36,38.04,9.97,Amla (Sour),Ushna (Hot),Amla (Sour),Favor,Favor,Avoid,East Indian,"['Immunity', 'Skin_Health', 'Joint_Pain']"
Curry Leaves,93,19.47,29.54,34.45,Madhura (Sweet),Ushna (Hot),Madhura (Sweet),Avoid,Neutral,Avoid,East Indian,['Diabetes']
Mint,297,27.33,24.95,12.8,Tikta (Bitter),Ushna (Hot),Amla (Sour),Favor,Favor,Avoid,North Indian,['Weight_Gain']
Guava,273,4.33,71.67,34.88,Tikta (Bitter),Shita (Cold),Madhura (Sweet),Favor,Avoid,Favor,North Indian,['Weight_Gain']
Goat Cheese,367,38.31,71.1,9.3,Katu (Pungent),Ushna (Hot),Katu (Pungent),Favor,Favor,Favor,North Indian,"['General_Wellness', 'Immunity']"
Sooji ka Halwa,83,35.49,17.86,12.46,Amla (Sour),Shita (Cold),Katu (Pungent),Avoid,Favor,Favor,East Indian,"['Acidity', 'Heart_Health', 'Immunity']"
Jackfruit,291,19.27,19.78,6.02,Tikta (Bitter),Shita (Cold),Madhura (Sweet),Neutral,Avoid,Favor,West Indian,['Weight_Gain']
Zucchini,492,24.31,44.71,4.54,Katu (Pungent),Ushna (Hot),Amla (Sour),Avoid,Avoid,Avoid,South Indian,"['Immunity', 'Weight_Gain', 'Digestion']"
Lemon,285,14.87,57.98,29.01,Kashaya (Astringent),Ushna (Hot),Amla (Sour),Avoid,Favor,Avoid,West Indian,"['Heart_Health', 'Stress', 'Digestion']"
Sooji ka Halwa,443,39.9,77.7,27.32,Madhura (Sweet),Shita (Cold),Amla (Sour),Favor,Favor,Avoid,North Indian,"['Diabetes', 'Weight_Gain']"
Apple,557,14.66,44.55,3.1,Tikta (Bitter),Shita (Cold),Madhura (Sweet),Avoid,Neutral,Avoid,West Indian,"['General_Wellness', 'Immunity']"
Basil,487,13.93,57.59,32.65,Lavana (Salty),Ushna (Hot),Madhura (Sweet),Favor,Favor,Favor,East Indian,"['Digestion', 'Diabetes', 'Acidity']"
Jowar Roti,483,29.66,36.05,11.71,Lavana (Salty),Ushna (Hot),Madhura (Sweet),Favor,Avoid,Favor,West Indian,"['Acidity', 'Weight_Loss']"
Dal Tadka,181,8.21,12.09,16.82,Tikta (Bitter),Ushna (Hot),Madhura (Sweet),Favor,Avoid,Favor,West Indian,"['Weight_Gain', 'Digestion', 'Joint_Pain']"
Brussels Sprouts,522,34.19,23.5,26.01,Katu (Pungent),Ushna (Hot),Amla (Sour),Favor,Favor,Favor,North Indian,['Weight_Loss']
Oats,443,33.12,71.57,9.45,Kashaya (Astringent),Shita (Cold),Amla (Sour),Favor,Avoid,Avoid,South Indian,"['Stress', 'Heart_Health']"
Rasmalai,444,19.12,17.67,11.76,Madhura (Sweet),Shita (Cold),Amla (Sour),Avoid,Neutral,Avoid,South Indian,"['Diabetes', 'Acidity']"
Pakora,328,2.43,28.5,17.27,Madhura (Sweet),Shita (Cold),Amla (Sour),Favor,Favor,Avoid,South Indian,"['Joint_Pain', 'Digestion']"
Soya Chunks,303,11.13,56.3,10.68,Kashaya (Astringent),Shita (Cold),Amla (Sour),Neutral,Neutral,Avoid,North Indian,"['Digestion', 'Weight_Loss', 'Acidity']"
Puran Poli,371,13.51,21.57,23.62,Kashaya (Astringent),Ushna (Hot),Amla (Sour),Avoid,Neutral,Neutral,South Indian,"['Heart_Health', 'Weight_Gain']"
Custard Apple,555,15.71,46.66,30.42,Tikta (Bitter),Ushna (Hot),Katu (Pungent),Avoid,Avoid,Favor,East Indian,"['Immunity', 'Skin_Health', 'Digestion']"
Misal Pav,562,13.73,30.39,7.3,Tikta (Bitter),Ushna (Hot),Madhura (Sweet),Favor,Neutral,Neutral,East Indian,"['Weight_Loss', 'Stress']"
Khichdi,513,3.72,12.99,28.6,Tikta (Bitter),Ushna (Hot),Amla (Sour),Favor,Avoid,Favor,North Indian,"['Weight_Gain', 'Weight_Loss']"
Quinoa,491,33.17,72.78,3.9,Lavana (Salty),Shita (Cold),Amla (Sour),Favor,Avoid,Favor,North Indian,"['Weight_Loss', 'Diabetes']"
Cranberry,346,10.06,51.6,14.97,Katu (Pungent),Shita (Cold),Katu (Pungent),Avoid,Favor,Favor,South Indian,"['Skin_Health', 'Immunity']"
Tempeh,106,9.66,53.83,25.78,Kashaya (Astringent),Ushna (Hot),Madhura (Sweet),Favor,Favor,Favor,North Indian,['Heart_Health']
Vindaloo,148,17.59,10.64,26.38,Katu (Pungent),Ushna (Hot),Katu (Pungent),Favor,Avoid,Neutral,West Indian,['Acidity']
Black Cardamom,555,37.33,60.79,8.82,Amla (Sour),Shita (Cold),Amla (Sour),Favor,Favor,Neutral,West Indian,"['Hair_Growth', 'Weight_Loss']"
Farro,542,6.64,78.69,0.93,Lavana (Salty),Shita (Cold),Amla (Sour),Favor,Favor,Avoid,South Indian,"['Heart_Health', 'Acidity']"
Blueberry,125,12.72,52.45,8.03,Amla (Sour),Shita (Cold),Amla (Sour),Avoid,Avoid,Avoid,East Indian,"['Weight_Gain', 'Immunity']"
Dosa,417,22.54,23.32,3.82,Lavana (Salty),Shita (Cold),Madhura (Sweet),Favor,Favor,Avoid,North Indian,['Weight_Loss']
Endive,461,15.66,18.46,7.56,Lavana (Salty),Shita (Cold),Katu (Pungent),Favor,Favor,Favor,North Indian,"['Heart_Health', 'Weight_Loss']"
Ghee,163,28.8,10.02,17.07,Katu (Pungent),Ushna (Hot),Amla (Sour),Avoid,Favor,Favor,South Indian,"['Joint_Pain', 'Weight_Loss', 'Digestion']"
Poha,485,8.73,75.44,11.4,Katu (Pungent),Ushna (Hot),Katu (Pungent),Neutral,Favor,Avoid,North Indian,"['Weight_Loss', 'Joint_Pain']"
Almond,96,27.03,74.17,15.54,Amla (Sour),Shita (Cold),Madhura (Sweet),Favor,Favor,Favor,East Indian,"['Hair_Growth', 'Joint_Pain', 'Stress']"
Honey,249,36.89,21.35,32.44,Amla (Sour),Shita (Cold),Amla (Sour),Avoid,Avoid,Favor,South Indian,['Joint_Pain']
Tuna,322,36.32,41.84,23.92,Amla (Sour),Ushna (Hot),Katu (Pungent),Favor,Avoid,Favor,East Indian,"['Weight_Loss', 'Weight_Gain']"
Radish,163,9.22,19.09,20.0,Tikta (Bitter),Shita (Cold),Katu (Pungent),Favor,Favor,Favor,South Indian,"['Diabetes', 'Digestion']"
Pistachio,580,18.47,64.49,23.33,Madhura (Sweet),Ushna (Hot),Madhura (Sweet),Neutral,Avoid,Neutral,South Indian,"['Joint_Pain', 'Immunity', 'Digestion']"
Eggplant,526,13.34,71.29,31.6,Tikta (Bitter),Ushna (Hot),Katu (Pungent),Avoid,Neutral,Favor,East Indian,"['Skin_Health', 'Acidity']"
Brahmi,209,23.41,64.81,5.06,Katu (Pungent),Ushna (Hot),Katu (Pungent),Avoid,Avoid,Avoid,North Indian,['Hair_Growth']
Persimmon,125,11.74,47.82,29.61,Amla (Sour),Shita (Cold),Katu (Pungent),Avoid,Avoid,Favor,East Indian,"['Hair_Growth', 'General_Wellness']"
Triphala,471,27.12,27.86,17.1,Kashaya (Astringent),Ushna (Hot),Katu (Pungent),Favor,Favor,Neutral,West Indian,['Weight_Loss']
Dhokla,155,28.2,14.72,7.08,Lavana (Salty),Ushna (Hot),Katu (Pungent),Avoid,Favor,Favor,South Indian,"['Diabetes', 'Hair_Growth']"
Chutney,270,23.81,72.54,27.41,Lavana (Salty),Ushna (Hot),Katu (Pungent),Favor,Favor,Favor,South Indian,"['Immunity', 'Diabetes', 'Weight_Loss']"
Coconut,338,39.88,59.53,1.03,Madhura (Sweet),Ushna (Hot),Madhura (Sweet),Avoid,Avoid,Favor,West Indian,"['Skin_Health', 'Joint_Pain', 'Diabetes']"
Edamame,550,5.06,62.51,20.68,Lavana (Salty),Ushna (Hot),Katu (Pungent),Avoid,Neutral,Avoid,West Indian,"['Diabetes', 'Stress']"
Broccoli,123,33.82,63.82,9.95,Madhura (Sweet),Ushna (Hot),Katu (Pungent),Avoid,Avoid,Avoid,East Indian,"['Weight_Gain', 'Hair_Growth']"
Masala Dosa,300,26.99,77.96,26.16,Amla (Sour),Shita (Cold),Amla (Sour),Avoid,Favor,Avoid,North Indian,"['Stress', 'Diabetes', 'Immunity']"
Eggs,58,10.98,28.87,24.74,Kashaya (Astringent),Shita (Cold),Amla (Sour),Favor,Avoid,Favor,West Indian,"['Diabetes', 'Skin_Health', 'Acidity']"
Palak Dal,82,34.13,69.14,20.41,Madhura (Sweet),Shita (Cold),Madhura (Sweet),Favor,Neutral,Favor,East Indian,"['General_Wellness', 'Weight_Loss']"
Tea,64,11.48,8.14,7.54,Tikta (Bitter),Shita (Cold),Katu (Pungent),Avoid,Favor,Avoid,East Indian,"['Digestion', 'Hair_Growth']"
Papaya,242,18.91,63.88,1.56,Katu (Pungent),Shita (Cold),Amla (Sour),Neutral,Avoid,Neutral,West Indian,"['Diabetes', 'Stress', 'Acidity']"
Thepla,382,10.2,58.58,18.92,Amla (Sour),Ushna (Hot),Madhura (Sweet),Avoid,Neutral,Avoid,East Indian,"['Stress', 'Joint_Pain']"
Tomato,266,35.83,29.22,32.03,Lavana (Salty),Ushna (Hot),Madhura (Sweet),Avoid,Favor,Avoid,North Indian,['Diabetes']
Onion,513,18.18,29.48,22.61,Tikta (Bitter),Shita (Cold),Katu (Pungent),Favor,Neutral,Favor,East Indian,"['Stress', 'Skin_Health', 'Joint_Pain']"
Giloy,244,23.79,77.56,34.4,Madhura (Sweet),Shita (Cold),Katu (Pungent),Avoid,Neutral,Favor,North Indian,"['Joint_Pain', 'Digestion', 'Hair_Growth']"
Cloves,173,36.73,30.7,23.54,Amla (Sour),Ushna (Hot),Katu (Pungent),Favor,Favor,Avoid,East Indian,"['Hair_Growth', 'Immunity', 'Weight_Gain']"
Vindaloo,377,5.65,79.53,26.47,Tikta (Bitter),Shita (Cold),Amla (Sour),Favor,Favor,Neutral,North Indian,"['Weight_Loss', 'General_Wellness', 'Diabetes']"
Soya Chunks,214,20.59,21.41,6.89,Madhura (Sweet),Shita (Cold),Katu (Pungent),Favor,Avoid,Favor,East Indian,"['Heart_Health', 'General_Wellness', 'Acidity']"
Samosa Chaat,281,36.78,20.38,16.41,Kashaya (Astringent),Ushna (Hot),Katu (Pungent),Avoid,Avoid,Favor,West Indian,"['Stress', 'Immunity', 'Weight_Gain']"
Kiwi,56,37.46,76.82,21.09,Kashaya (Astringent),Ushna (Hot),Amla (Sour),Neutral,Avoid,Favor,North Indian,['Digestion']
Papaya,264,12.88,72.06,6.75,Lavana (Salty),Shita (Cold),Katu (Pungent),Avoid,Avoid,Favor,North Indian,"['Stress', 'Hair_Growth', 'Acidity']"
Sev Puri,449,32.4,36.35,33.45,Lavana (Salty),Shita (Cold),Amla (Sour),Avoid,Neutral,Avoid,South Indian,['Digestion']
Broccoli,100,12.51,8.76,16.89,Tikta (Bitter),Shita (Cold),Amla (Sour),Avoid,Favor,Favor,East Indian,['Diabetes']
Kiwi,286,37.76,26.08,32.48,Madhura (Sweet),Ushna (Hot),Madhura (Sweet),Favor,Favor,Favor,North Indian,"['Weight_Gain', 'Heart_Health', 'Weight_Loss']"
Asafoetida,566,21.34,14.18,10.91,Tikta (Bitter),Ushna (Hot),Madhura (Sweet),Favor,Avoid,Favor,North Indian,['Heart_Health']
Pakora,176,38.24,64.67,14.56,Madhura (Sweet),Shita (Cold),Katu (Pungent),Favor,Favor,Favor,East Indian,"['Weight_Loss', 'Diabetes', 'Heart_Health']"
Soybeans,584,21.24,10.04,5.38,Kashaya (Astringent),Shita (Cold),Amla (Sour),Favor,Favor,Favor,South Indian,"['Digestion', 'Joint_Pain', 'General_Wellness']"
Handvo,111,10.44,60.64,2.63,Tikta (Bitter),Ushna (Hot),Amla (Sour),Favor,Avoid,Favor,North Indian,"['Immunity', 'Hair_Growth', 'Heart_Health']"
Tandoori Chicken,240,7.99,44.99,6.18,Lavana (Salty),Ushna (Hot),Katu (Pungent),Favor,Favor,Favor,East Indian,['Immunity']
Onion Bhaji,518,7.54,28.27,8.14,Katu (Pungent),Ushna (Hot),Amla (Sour),Favor,Avoid,Avoid,East Indian,['Heart_Health']
Strawberry,78,3.3,67.05,27.22,Katu (Pungent),Ushna (Hot),Katu (Pungent),Neutral,Favor,Favor,South Indian,"['Acidity', 'Skin_Health', 'General_Wellness']"
Kidney Beans,268,28.95,77.88,6.08,Katu (Pungent),Ushna (Hot),Katu (Pungent),Avoid,Favor,Avoid,South Indian,"['Joint_Pain', 'Heart_Health', 'Hair_Growth']"
Black Pepper,508,27.59,65.77,28.34,Madhura (Sweet),Ushna (Hot),Amla (Sour),Avoid,Favor,Favor,East Indian,['General_Wellness']
Mustard Seeds,72,29.58,56.26,21.86,Tikta (Bitter),Ushna (Hot),Katu (Pungent),Favor,Favor,Favor,North Indian,"['Joint_Pain', 'Heart_Health', 'Immunity']"
Jasmine Rice,442,16.75,50.51,23.16,Tikta (Bitter),Shita (Cold),Katu (Pungent),Avoid,Avoid,Favor,East Indian,['Diabetes']
Cucumber,395,9.74,19.4,1.61,Madhura (Sweet),Shita (Cold),Amla (Sour),Favor,Avoid,Avoid,North Indian,['Joint_Pain']
Onion Bhaji,390,33.05,11.5,10.58,Madhura (Sweet),Shita (Cold),Katu (Pungent),Favor,Avoid,Avoid,North Indian,"['Acidity', 'Stress', 'Diabetes']"
Kale,543,31.78,57.31,31.81,Madhura (Sweet),Ushna (Hot),Amla (Sour),Neutral,Favor,Favor,South Indian,['Digestion']
Pani Puri,583,35.26,41.6,8.26,Amla (Sour),Shita (Cold),Madhura (Sweet),Neutral,Avoid,Favor,South Indian,['Skin_Health']
Pork,106,7.11,6.0,15.63,Katu (Pungent),Shita (Cold),Madhura (Sweet),Avoid,Avoid,Favor,North Indian,['Joint_Pain']
Corn,387,30.9,54.13,8.51,Katu (Pungent),Ushna (Hot),Madhura (Sweet),Neutral,Favor,Avoid,East Indian,['Hair_Growth']
Edamame,82,10.68,20.28,14.98,Amla (Sour),Shita (Cold),Madhura (Sweet),Avoid,Favor,Favor,East Indian,['Weight_Loss']
Mace,473,26.89,10.81,2.5,Katu (Pungent),Shita (Cold),Madhura (Sweet),Favor,Avoid,Favor,West Indian,"['Stress', 'Heart_Health', 'Skin_Health']"
Salmon,167,13.83,43.15,2.51,Tikta (Bitter),Shita (Cold),Katu (Pungent),Favor,Avoid,Favor,West Indian,"['Acidity', 'Heart_Health', 'Weight_Loss']"
Chicken,377,7.19,30.46,33.02,Tikta (Bitter),Shita (Cold),Amla (Sour),Favor,Avoid,Avoid,West Indian,"['Weight_Gain', 'Weight_Loss', 'Digestion']"
White Rice,392,17.01,78.46,4.31,Tikta (Bitter),Shita (Cold),Katu (Pungent),Favor,Favor,Favor,South Indian,"['Hair_Growth', 'Immunity', 'Stress']"
Chicken Tikka Masala,116,16.11,56.42,11.56,Amla (Sour),Shita (Cold),Katu (Pungent),Avoid,Favor,Avoid,West Indian,"['Stress', 'Skin_Health']"
Peanut Oil,566,38.09,50.65,10.96,Kashaya (Astringent),Ushna (Hot),Amla (Sour),Avoid,Avoid,Favor,North Indian,"['Immunity', 'General_Wellness', 'Joint_Pain']"
Paneer,288,29.74,58.93,3.62,Madhura (Sweet),Shita (Cold),Amla (Sour),Favor,Favor,Favor,West Indian,['Hair_Growth']
Almond Oil,75,30.93,29.91,20.45,Amla (Sour),Shita (Cold),Madhura (Sweet),Favor,Neutral,Neutral,North Indian,"['Weight_Gain', 'Acidity']"
Pakora,170,33.78,65.64,33.61,Lavana (Salty),Ushna (Hot),Katu (Pungent),Avoid,Avoid,Avoid,East Indian,"['Acidity', 'Joint_Pain', 'Skin_Health']"
Ashwagandha,181,32.93,69.44,4.6,Amla (Sour),Shita (Cold),Katu (Pungent),Avoid,Favor,Favor,South Indian,"['General_Wellness', 'Weight_Gain', 'Weight_Loss']"
Saffron,125,38.26,51.45,25.62,Lavana (Salty),Shita (Cold),Madhura (Sweet),Favor,Favor,Favor,West Indian,"['General_Wellness', 'Diabetes', 'Weight_Loss']"
Crab,524,35.06,46.94,31.11,Kashaya (Astringent),Shita (Cold),Katu (Pungent),Avoid,Favor,Favor,East Indian,"['Immunity', 'Acidity']"
Kidney Beans,228,11.93,75.11,14.67,Kashaya (Astringent),Shita (Cold),Amla (Sour),Favor,Favor,Neutral,West Indian,"['Stress', 'Hair_Growth']"
Tuna,396,6.06,47.24,11.89,Madhura (Sweet),Ushna (Hot),Madhura (Sweet),Favor,Neutral,Avoid,West Indian,['Weight_Gain']
Raj Kachori,188,8.21,23.89,13.18,Madhura (Sweet),Shita (Cold),Katu (Pungent),Favor,Favor,Favor,North Indian,['Weight_Gain']
Rasgulla,429,24.16,41.29,12.01,Kashaya (Astringent),Ushna (Hot),Amla (Sour),Avoid,Favor,Avoid,West Indian,"['Stress', 'Skin_Health']"
Cardamom,361,16.54,31.23,22.79,Amla (Sour),Ushna (Hot),Amla (Sour),Neutral,Avoid,Avoid,North Indian,"['Stress', 'Skin_Health', 'Digestion']"
Custard Apple,549,9.44,63.18,22.88,Kashaya (Astringent),Ushna (Hot),Madhura (Sweet),Neutral,Favor,Avoid,West Indian,"['General_Wellness', 'Heart_Health']"
Naan,460,8.81,55.63,20.39,Kashaya (Astringent),Shita (Cold),Katu (Pungent),Avoid,Favor,Favor,East Indian,['Weight_Gain']
Star Fruit,105,3.53,10.17,25.12,Tikta (Bitter),Ushna (Hot),Madhura (Sweet),Favor,Neutral,Favor,North Indian,['Heart_Health']
Amla,67,18.35,63.94,16.04,Kashaya (Astringent),Ushna (Hot),Katu (Pungent),Avoid,Avoid,Neutral,North Indian,"['Heart_Health', 'General_Wellness']"
Broccoli,306,18.69,15.99,31.61,Katu (Pungent),Shita (Cold),Katu (Pungent),Favor,Avoid,Avoid,South Indian,"['Joint_Pain', 'Skin_Health', 'Weight_Loss']"
Green Chilli,513,12.48,43.1,19.96,Lavana (Salty),Shita (Cold),Katu (Pungent),Favor,Favor,Neutral,East Indian,"['Heart_Health', 'Skin_Health']"
Asafoetida,562,25.37,38.57,5.97,Lavana (Salty),Shita (Cold),Madhura (Sweet),Neutral,Avoid,Neutral,North Indian,['Digestion']
Wheat,535,32.14,57.74,1.41,Lavana (Salty),Shita (Cold),Amla (Sour),Favor,Favor,Favor,North Indian,['Digestion']
Green Cardamom,512,28.62,48.77,3.32,Tikta (Bitter),Ushna (Hot),Amla (Sour),Favor,Avoid,Avoid,West Indian,['Diabetes']
Broccoli,386,15.74,69.46,32.89,Madhura (Sweet),Shita (Cold),Amla (Sour),Avoid,Avoid,Avoid,West Indian,['Acidity']
Palak Dal,175,28.32,21.34,31.3,Amla (Sour),Ushna (Hot),Amla (Sour),Favor,Favor,Avoid,East Indian,"['Immunity', 'Heart_Health', 'Diabetes']"
Turnip,531,30.63,25.34,22.23,Lavana (Salty),Shita (Cold),Madhura (Sweet),Neutral,Favor,Avoid,North Indian,['Diabetes']
Millet,73,11.49,37.72,22.26,Lavana (Salty),Shita (Cold),Amla (Sour),Favor,Avoid,Avoid,North Indian,['Heart_Health']
Spinach,384,13.13,42.08,1.95,Tikta (Bitter),Shita (Cold),Madhura (Sweet),Neutral,Avoid,Favor,South Indian,"['General_Wellness', 'Immunity', 'Heart_Health']"
Kiwi,129,4.52,25.32,14.22,Katu (Pungent),Shita (Cold),Amla (Sour),Avoid,Avoid,Avoid,North Indian,['Immunity']
Zucchini,391,29.08,66.82,31.4,Tikta (Bitter),Shita (Cold),Katu (Pungent),Favor,Avoid,Avoid,West Indian,['Hair_Growth']
Bell Pepper,590,3.28,16.81,4.47,Kashaya (Astringent),Shita (Cold),Madhura (Sweet),Avoid,Favor,Avoid,North Indian,"['Diabetes', 'Joint_Pain', 'Hair_Growth']"
Coconut Water,580,23.43,58.14,31.1,Lavana (Salty),Shita (Cold),Katu (Pungent),Favor,Neutral,Favor,West Indian,['Immunity']
Olive Oil,191,34.07,58.75,3.97,Lavana (Salty),Ushna (Hot),Amla (Sour),Favor,Favor,Avoid,South Indian,"['General_Wellness', 'Hair_Growth']"
Pumpkin Seeds,575,38.06,38.31,15.54,Katu (Pungent),Shita (Cold),Amla (Sour),Favor,Avoid,Avoid,South Indian,"['Immunity', 'Joint_Pain', 'Diabetes']"
Cottage Cheese,377,18.89,78.54,13.28,Madhura (Sweet),Ushna (Hot),Madhura (Sweet),Favor,Avoid,Avoid,East Indian,"['Heart_Health', 'Stress', 'Joint_Pain']"
Cumin,475,38.35,39.95,33.49,Kashaya (Astringent),Shita (Cold),Madhura (Sweet),Favor,Avoid,Avoid,East Indian,"['Digestion', 'Acidity', 'Joint_Pain']"
Chole Kulche,434,33.93,5.76,30.49,Tikta (Bitter),Shita (Cold),Katu (Pungent),Favor,Favor,Favor,West Indian,"['Hair_Growth', 'Stress']"
Mint,433,30.02,78.26,1.78,Katu (Pungent),Ushna (Hot),Katu (Pungent),Neutral,Avoid,Favor,South Indian,['Stress']
Black Cardamom,280,30.46,30.01,24.66,Katu (Pungent),Ushna (Hot),Amla (Sour),Favor,Favor,Avoid,West Indian,"['Acidity', 'Weight_Loss', 'Heart_Health']"
Handvo,70,39.26,27.42,0.75,Lavana (Salty),Ushna (Hot),Amla (Sour),Avoid,Avoid,Avoid,South Indian,"['Weight_Gain', 'Joint_Pain']"
Brown Rice,533,33.21,39.93,8.21,Lavana (Salty),Shita (Cold),Katu (Pungent),Favor,Avoid,Favor,South Indian,['Stress']
Uttapam,546,27.63,9.9,20.68,Lavana (Salty),Shita (Cold),Katu (Pungent),Favor,Favor,Avoid,North Indian,"['Skin_Health', 'Weight_Loss']"
Bhel Puri,194,14.13,37.34,2.31,Tikta (Bitter),Shita (Cold),Madhura (Sweet),Favor,Avoid,Favor,East Indian,['Digestion']
Custard Apple,560,18.96,42.78,9.8,Kashaya (Astringent),Shita (Cold),Madhura (Sweet),Favor,Avoid,Avoid,South Indian,"['Skin_Health', 'Immunity', 'Weight_Loss']"
Custard Apple,85,21.75,48.31,26.12,Kashaya (Astringent),Shita (Cold),Amla (Sour),Favor,Favor,Avoid,East Indian,"['Immunity', 'Weight_Gain']"
Uttapam,192,23.37,5.46,25.09,Madhura (Sweet),Ushna (Hot),Amla (Sour),Favor,Avoid,Favor,North Indian,['Hair_Growth']
Puran Poli,577,17.25,47.67,19.78,Amla (Sour),Ushna (Hot),Amla (Sour),Avoid,Favor,Favor,South Indian,"['Joint_Pain', 'Stress']"
Ashwagandha,451,38.09,46.18,16.2,Tikta (Bitter),Shita (Cold),Amla (Sour),Favor,Avoid,Favor,West Indian,"['Diabetes', 'Acidity']"
Green Gram,432,30.73,24.99,13.73,Madhura (Sweet),Shita (Cold),Amla (Sour),Avoid,Avoid,Favor,West Indian,"['Hair_Growth', 'General_Wellness', 'Weight_Gain']"
Avial,173,16.2,38.01,32.29,Katu (Pungent),Shita (Cold),Madhura (Sweet),Favor,Favor,Avoid,West Indian,"['Hair_Growth', 'Weight_Gain']"
Rasam,477,10.67,24.45,13.48,Amla (Sour),Ushna (Hot),Amla (Sour),Favor,Avoid,Avoid,South Indian,"['Acidity', 'Weight_Loss', 'Skin_Health']"
Curry Leaves,311,21.09,30.11,29.01,Tikta (Bitter),Shita (Cold),Madhura (Sweet),Avoid,Favor,Avoid,West Indian,['General_Wellness']
Chutney,388,38.71,42.7,2.28,Tikta (Bitter),Shita (Cold),Madhura (Sweet),Favor,Favor,Neutral,West Indian,"['Joint_Pain', 'Heart_Health']"
Turnip,475,32.82,10.69,7.47,Tikta (Bitter),Ushna (Hot),Madhura (Sweet),Favor,Favor,Favor,North Indian,['Stress']
White Rice,175,11.74,44.1,24.04,Tikta (Bitter),Shita (Cold),Amla (Sour),Favor,Favor,Favor,East Indian,"['Acidity', 'Hair_Growth']"
Sambar,307,31.94,43.8,15.35,Tikta (Bitter),Ushna (Hot),Amla (Sour),Favor,Avoid,Favor,North Indian,"['Weight_Gain', 'Joint_Pain']"
Coffee,372,16.02,78.92,13.2,Lavana (Salty),Shita (Cold),Katu (Pungent),Neutral,Neutral,Avoid,North Indian,['Joint_Pain']
Soybeans,475,9.91,39.22,7.68,Katu (Pungent),Shita (Cold),Madhura (Sweet),Favor,Favor,Favor,West Indian,"['Heart_Health', 'Joint_Pain']"
Yogurt,545,19.72,46.71,22.29,Tikta (Bitter),Ushna (Hot),Katu (Pungent),Favor,Favor,Favor,West Indian,"['Heart_Health', 'Joint_Pain', 'Digestion']"
Cheddar,276,35.6,74.06,14.62,Amla (Sour),Shita (Cold),Katu (Pungent),Neutral,Avoid,Avoid,West Indian,"['General_Wellness', 'Hair_Growth']"
Coriander,316,22.13,68.49,33.44,Lavana (Salty),Ushna (Hot),Madhura (Sweet),Avoid,Avoid,Neutral,West Indian,"['Skin_Health', 'Weight_Loss', 'Heart_Health']"
Sesame Seeds,474,36.73,74.48,34.26,Kashaya (Astringent),Ushna (Hot),Amla (Sour),Neutral,Favor,Favor,East Indian,"['Weight_Gain', 'General_Wellness', 'Skin_Health']"
Amla Juice,441,27.68,59.52,12.81,Madhura (Sweet),Ushna (Hot),Madhura (Sweet),Favor,Favor,Favor,West Indian,['Hair_Growth']
Okra,438,12.74,6.69,6.08,Madhura (Sweet),Ushna (Hot),Amla (Sour),Favor,Avoid,Avoid,East Indian,"['Skin_Health', 'Digestion']"
Star Fruit,87,37.93,28.06,28.44,Kashaya (Astringent),Shita (Cold),Katu (Pungent),Favor,Avoid,Avoid,South Indian,"['Weight_Loss', 'Weight_Gain', 'Hair_Growth']"
Artichoke,184,7.04,34.27,24.89,Lavana (Salty),Shita (Cold),Amla (Sour),Favor,Neutral,Avoid,North Indian,"['Weight_Gain', 'Immunity']"
Upma,250,37.26,55.47,28.19,Katu (Pungent),Ushna (Hot),Madhura (Sweet),Favor,Favor,Favor,East Indian,"['Acidity', 'Joint_Pain']"
Bay Leaf,501,12.86,70.31,31.18,Kashaya (Astringent),Ushna (Hot),Amla (Sour),Avoid,Favor,Avoid,North Indian,"['Immunity', 'Digestion']"
Raita,132,3.42,22.78,27.38,Tikta (Bitter),Shita (Cold),Madhura (Sweet),Favor,Avoid,Favor,East Indian,"['Acidity', 'Diabetes']"
Raj Kachori,500,19.4,59.32,28.8,Amla (Sour),Shita (Cold),Katu (Pungent),Neutral,Avoid,Favor,West Indian,"['Skin_Health', 'Weight_Loss', 'Heart_Health']"
Walnut,105,28.81,8.54,3.28,Amla (Sour),Shita (Cold),Katu (Pungent),Neutral,Favor,Avoid,East Indian,['Acidity']
Walnut,98,16.44,67.88,9.45,Lavana (Salty),Shita (Cold),Amla (Sour),Favor,Favor,Avoid,West Indian,"['General_Wellness', 'Weight_Loss']"
Coriander,506,27.33,33.87,28.19,Lavana (Salty),Ushna (Hot),Katu (Pungent),Avoid,Avoid,Favor,East Indian,"['Diabetes', 'Skin_Health', 'Digestion']"
Jackfruit,328,23.88,57.34,2.04,Tikta (Bitter),Ushna (Hot),Amla (Sour),Favor,Avoid,Favor,North Indian,"['General_Wellness', 'Skin_Health', 'Immunity']"
Baingan Bharta,361,38.56,32.4,13.65,Katu (Pungent),Shita (Cold),Amla (Sour),Avoid,Neutral,Avoid,East Indian,"['Immunity', 'Skin_Health']"
Puran Poli,269,18.21,54.03,1.65,Amla (Sour),Shita (Cold),Madhura (Sweet),Favor,Avoid,Favor,North Indian,"['General_Wellness', 'Weight_Loss']"
Sooji ka Halwa,426,3.52,9.15,12.54,Amla (Sour),Ushna (Hot),Amla (Sour),Avoid,Favor,Avoid,North Indian,['Digestion']
Hyderabadi Biryani,447,16.1,77.93,8.54,Lavana (Salty),Shita (Cold),Katu (Pungent),Favor,Neutral,Avoid,West Indian,"['Diabetes', 'Joint_Pain']"
Ghee,301,20.49,52.13,4.33,Amla (Sour),Shita (Cold),Amla (Sour),Avoid,Avoid,Avoid,West Indian,['Hair_Growth']
Cod,208,24.81,47.87,7.32,Tikta (Bitter),Ushna (Hot),Katu (Pungent),Favor,Avoid,Favor,West Indian,"['Skin_Health', 'Acidity']"
Tofu,572,18.28,10.55,18.76,Madhura (Sweet),Ushna (Hot),Katu (Pungent),Avoid,Avoid,Avoid,South Indian,['Diabetes']
Tuna,511,14.96,50.56,24.72,Lavana (Salty),Shita (Cold),Madhura (Sweet),Neutral,Avoid,Favor,South Indian,"['Digestion', 'Joint_Pain']"
Bhindi Masala,156,25.93,21.01,21.4,Lavana (Salty),Ushna (Hot),Katu (Pungent),Favor,Favor,Avoid,North Indian,['Weight_Loss']
Dosa,412,7.92,20.8,9.48,Amla (Sour),Ushna (Hot),Katu (Pungent),Avoid,Favor,Favor,South Indian,['Acidity']
Green Cardamom,307,4.82,28.89,11.52,Kashaya (Astringent),Ushna (Hot),Katu (Pungent),Avoid,Avoid,Avoid,South Indian,"['Diabetes', 'Weight_Gain']"
Mango,546,24.6,35.58,34.3,Amla (Sour),Ushna (Hot),Amla (Sour),Avoid,Favor,Favor,North Indian,"['Acidity', 'Heart_Health', 'Joint_Pain']"
White Rice,264,7.79,54.02,2.32,Lavana (Salty),Shita (Cold),Amla (Sour),Avoid,Favor,Avoid,East Indian,"['Hair_Growth', 'Skin_Health', 'Stress']"
Palak Paneer,256,38.68,36.91,21.14,Kashaya (Astringent),Ushna (Hot),Amla (Sour),Avoid,Avoid,Avoid,South Indian,"['Diabetes', 'Stress']"
Black-eyed Peas,80,18.11,45.69,34.38,Lavana (Salty),Ushna (Hot),Amla (Sour),Favor,Avoid,Favor,East Indian,['General_Wellness']
Sambar,564,31.83,11.99,30.95,Kashaya (Astringent),Shita (Cold),Katu (Pungent),Favor,Favor,Avoid,West Indian,"['Diabetes', 'General_Wellness', 'Joint_Pain']"
Feta,165,20.09,40.02,17.49,Katu (Pungent),Ushna (Hot),Katu (Pungent),Favor,Avoid,Favor,West Indian,"['Immunity', 'General_Wellness', 'Joint_Pain']"
Walnut,267,18.11,54.16,9.92,Amla (Sour),Shita (Cold),Katu (Pungent),Favor,Favor,Avoid,North Indian,['Joint_Pain']
Onion Bhaji,253,7.68,36.31,12.08,Kashaya (Astringent),Shita (Cold),Amla (Sour),Neutral,Avoid,Favor,West Indian,"['Skin_Health', 'Hair_Growth']"
Thepla,225,7.28,25.41,6.29,Lavana (Salty),Ushna (Hot),Madhura (Sweet),Avoid,Favor,Favor,West Indian,['General_Wellness']
Crab,166,36.1,10.96,12.54,Katu (Pungent),Ushna (Hot),Madhura (Sweet),Favor,Avoid,Neutral,East Indian,"['Stress', 'General_Wellness']"
Coriander,176,35.41,28.19,11.76,Lavana (Salty),Ushna (Hot),Katu (Pungent),Favor,Favor,Avoid,West Indian,"['Hair_Growth', 'Diabetes']"
Pumpkin Seeds,386,3.08,55.3,17.66,Katu (Pungent),Ushna (Hot),Katu (Pungent),Avoid,Favor,Favor,North Indian,['Weight_Loss']
Samosa,360,36.12,69.89,11.14,Kashaya (Astringent),Ushna (Hot),Amla (Sour),Favor,Favor,Avoid,East Indian,['Acidity']
Ashwagandha,525,28.11,71.07,12.1,Amla (Sour),Shita (Cold),Madhura (Sweet),Neutral,Favor,Avoid,South Indian,"['Immunity', 'Stress', 'Weight_Loss']"
Oats,507,13.53,25.76,16.76,Katu (Pungent),Ushna (Hot),Madhura (Sweet),Avoid,Favor,Favor,South Indian,"['Skin_Health', 'Hair_Growth']"
Mango,407,4.99,43.57,26.94,Amla (Sour),Shita (Cold),Madhura (Sweet),Avoid,Favor,Favor,East Indian,['Weight_Loss']
Plum,350,39.25,10.01,14.11,Amla (Sour),Ushna (Hot),Madhura (Sweet),Favor,Avoid,Avoid,South Indian,"['General_Wellness', 'Weight_Gain']"
Bay Leaf,565,22.16,50.69,21.52,Lavana (Salty),Ushna (Hot),Amla (Sour),Favor,Favor,Avoid,West Indian,"['Skin_Health', 'Heart_Health', 'Stress']"
Coconut,536,2.51,72.53,13.84,Amla (Sour),Ushna (Hot),Madhura (Sweet),Favor,Neutral,Avoid,South Indian,['Diabetes']
Salt,469,38.59,11.44,0.79,Madhura (Sweet),Ushna (Hot),Amla (Sour),Favor,Neutral,Favor,East Indian,"['Hair_Growth', 'Heart_Health']"
Macadamia,545,17.38,8.66,33.84,Tikta (Bitter),Shita (Cold),Madhura (Sweet),Avoid,Avoid,Favor,West Indian,"['Acidity', 'Diabetes', 'Joint_Pain']"
Walnut,394,18.16,50.24,20.27,Amla (Sour),Ushna (Hot),Katu (Pungent),Favor,Favor,Favor,North Indian,"['Digestion', 'Diabetes', 'General_Wellness']"
Flax Seeds,453,37.36,9.94,26.07,Katu (Pungent),Shita (Cold),Katu (Pungent),Neutral,Neutral,Avoid,North Indian,['Stress']
Turnip,488,3.35,63.5,32.24,Tikta (Bitter),Shita (Cold),Madhura (Sweet),Avoid,Avoid,Favor,West Indian,"['Immunity', 'Hair_Growth']"
Tea,484,20.23,11.08,26.91,Madhura (Sweet),Shita (Cold),Amla (Sour),Favor,Avoid,Favor,South Indian,"['Skin_Health', 'Digestion', 'Stress']"
Fenugreek Seeds,182,35.87,73.64,18.0,Katu (Pungent),Shita (Cold),Amla (Sour),Favor,Favor,Favor,West Indian,"['Skin_Health', 'Weight_Gain', 'Acidity']"
Handvo,388,19.6,66.65,7.2,Madhura (Sweet),Shita (Cold),Katu (Pungent),Favor,Favor,Avoid,South Indian,"['Skin_Health', 'Stress']"
Peanut Oil,453,35.73,17.98,11.87,Kashaya (Astringent),Ushna (Hot),Amla (Sour),Favor,Favor,Favor,North Indian,"['Acidity', 'Skin_Health', 'Diabetes']"
Pakora,235,30.14,9.13,11.48,Amla (Sour),Ushna (Hot),Madhura (Sweet),Favor,Favor,Neutral,West Indian,"['Hair_Growth', 'Immunity']"
Peach,263,14.84,12.46,33.51,Madhura (Sweet),Ushna (Hot),Amla (Sour),Avoid,Avoid,Favor,South Indian,['General_Wellness']
Tea,512,2.2,26.04,21.37,Lavana (Salty),Ushna (Hot),Amla (Sour),Avoid,Avoid,Avoid,West Indian,"['General_Wellness', 'Diabetes', 'Hair_Growth']"
Shrimp,466,23.95,73.9,20.6,Tikta (Bitter),Ushna (Hot),Katu (Pungent),Avoid,Favor,Favor,North Indian,['Stress']
Handvo,368,28.29,59.96,25.58,Kashaya (Astringent),Ushna (Hot),Katu (Pungent),Favor,Favor,Favor,East Indian,['Skin_Health']
Dal Bati Churma,136,39.9,44.2,19.28,Amla (Sour),Shita (Cold),Katu (Pungent),Favor,Favor,Favor,North Indian,['Weight_Gain']
Pomegranate,472,28.36,35.49,27.48,Kashaya (Astringent),Shita (Cold),Katu (Pungent),Favor,Favor,Favor,East Indian,"['Stress', 'Acidity']"
Bajra Roti,60,28.73,58.67,25.38,Lavana (Salty),Ushna (Hot),Amla (Sour),Favor,Favor,Favor,West Indian,"['Weight_Gain', 'Stress']"
Beetroot,532,8.86,57.15,27.67,Amla (Sour),Ushna (Hot),Madhura (Sweet),Favor,Favor,Favor,South Indian,"['Skin_Health', 'Joint_Pain', 'Digestion']"
Couscous,276,14.35,47.94,26.9,Madhura (Sweet),Ushna (Hot),Amla (Sour),Favor,Avoid,Avoid,West Indian,"['General_Wellness', 'Heart_Health']"
Vindaloo,548,6.87,74.73,11.5,Tikta (Bitter),Ushna (Hot),Katu (Pungent),Favor,Favor,Favor,East Indian,"['Hair_Growth', 'Diabetes', 'Stress']"
Ragi,204,24.08,43.64,18.59,Madhura (Sweet),Ushna (Hot),Katu (Pungent),Avoid,Favor,Avoid,West Indian,"['Stress', 'Hair_Growth', 'Heart_Health']"
Jasmine Rice,189,20.5,16.89,28.94,Kashaya (Astringent),Shita (Cold),Madhura (Sweet),Avoid,Avoid,Favor,South Indian,['Acidity']
Giloy,459,24.82,48.08,3.32,Lavana (Salty),Shita (Cold),Katu (Pungent),Favor,Favor,Favor,South Indian,['Hair_Growth']
Wheatgrass Juice,125,24.87,78.84,10.57,Katu (Pungent),Ushna (Hot),Amla (Sour),Favor,Avoid,Avoid,South Indian,"['Acidity', 'Hair_Growth', 'General_Wellness']"
Vindaloo,318,10.19,57.07,19.08,Madhura (Sweet),Ushna (Hot),Madhura (Sweet),Favor,Favor,Favor,North Indian,['Digestion']
Coconut Burfi,281,36.31,20.61,9.43,Kashaya (Astringent),Ushna (Hot),Madhura (Sweet),Neutral,Neutral,Favor,East Indian,['Heart_Health']
Pomegranate,246,23.02,76.18,4.0,Katu (Pungent),Ushna (Hot),Madhura (Sweet),Avoid,Favor,Favor,South Indian,"['General_Wellness', 'Skin_Health', 'Digestion']"
Raj Kachori,413,18.14,61.59,29.49,Amla (Sour),Ushna (Hot),Madhura (Sweet),Favor,Avoid,Favor,East Indian,"['Hair_Growth', 'Heart_Health', 'Weight_Gain']"
Avial,459,2.96,9.91,24.73,Madhura (Sweet),Ushna (Hot),Amla (Sour),Avoid,Avoid,Avoid,East Indian,"['Joint_Pain', 'Heart_Health', 'Diabetes']"
Sugarcane Juice,494,24.7,53.23,20.45,Katu (Pungent),Ushna (Hot),Madhura (Sweet),Favor,Favor,Favor,North Indian,"['General_Wellness', 'Weight_Loss', 'Stress']"
Lemon,190,19.04,64.41,15.97,Kashaya (Astringent),Ushna (Hot),Katu (Pungent),Favor,Favor,Favor,East Indian,"['Acidity', 'Hair_Growth', 'Stress']"
Coriander,262,39.27,52.86,7.18,Kashaya (Astringent),Ushna (Hot),Madhura (Sweet),Avoid,Avoid,Favor,West Indian,"['Digestion', 'Hair_Growth', 'Acidity']"
Pomegranate,163,6.22,43.91,14.03,Tikta (Bitter),Shita (Cold),Madhura (Sweet),Favor,Favor,Neutral,West Indian,"['Skin_Health', 'Stress']"
Goat Cheese,544,37.05,42.23,25.81,Amla (Sour),Shita (Cold),Amla (Sour),Favor,Favor,Favor,North Indian,"['Digestion', 'Weight_Loss', 'Immunity']"
Malai Kofta,531,24.66,70.07,24.16,Madhura (Sweet),Shita (Cold),Amla (Sour),Avoid,Avoid,Avoid,East Indian,['Immunity']
Palak Dal,384,26.49,7.04,20.99,Tikta (Bitter),Shita (Cold),Amla (Sour),Avoid,Favor,Avoid,South Indian,"['Diabetes', 'Joint_Pain']"
Sunflower Seeds,298,24.22,73.39,31.77,Tikta (Bitter),Ushna (Hot),Katu (Pungent),Favor,Favor,Favor,West Indian,"['Weight_Loss', 'Weight_Gain']"
Custard Apple,295,36.66,34.11,18.25,Lavana (Salty),Ushna (Hot),Madhura (Sweet),Avoid,Avoid,Avoid,East Indian,"['Immunity', 'Acidity', 'Weight_Loss']"
Jackfruit,438,24.97,69.9,9.6,Madhura (Sweet),Ushna (Hot),Amla (Sour),Favor,Avoid,Avoid,East Indian,['Skin_Health']
Passion Fruit,374,16.15,47.67,16.31,Katu (Pungent),Ushna (Hot),Amla (Sour),Favor,Favor,Avoid,South Indian,"['Weight_Loss', 'General_Wellness', 'Stress']"
Rosemary,84,30.67,37.56,13.1,Katu (Pungent),Shita (Cold),Amla (Sour),Favor,Neutral,Favor,South Indian,['Digestion']
Fennel Seeds,391,3.49,44.82,20.0,Lavana (Salty),Shita (Cold),Madhura (Sweet),Favor,Neutral,Favor,South Indian,"['General_Wellness', 'Heart_Health', 'Digestion']"
Fig,67,8.32,13.14,5.79,Lavana (Salty),Shita (Cold),Katu (Pungent),Avoid,Avoid,Neutral,East Indian,"['Weight_Gain', 'Joint_Pain', 'Acidity']"
Star Fruit,133,35.64,13.17,9.68,Katu (Pungent),Ushna (Hot),Madhura (Sweet),Favor,Neutral,Avoid,North Indian,"['Stress', 'Skin_Health', 'Acidity']"
Tomato,581,35.32,46.08,20.48,Katu (Pungent),Ushna (Hot),Amla (Sour),Favor,Favor,Avoid,North Indian,['Immunity']
Amla,411,3.36,56.02,2.03,Lavana (Salty),Ushna (Hot),Madhura (Sweet),Avoid,Favor,Avoid,North Indian,"['Weight_Gain', 'Acidity']"
Brown Rice,584,3.42,68.23,2.28,Madhura (Sweet),Shita (Cold),Amla (Sour),Favor,Avoid,Avoid,South Indian,"['General_Wellness', 'Joint_Pain']"
Coconut Oil,382,27.42,51.24,32.84,Lavana (Salty),Shita (Cold),Katu (Pungent),Avoid,Favor,Avoid,West Indian,['Weight_Loss']
Persimmon,351,24.19,39.95,19.23,Amla (Sour),Shita (Cold),Katu (Pungent),Avoid,Neutral,Avoid,South Indian,"['Heart_Health', 'Skin_Health', 'General_Wellness']"
Onion,354,14.42,59.61,23.04,Tikta (Bitter),Ushna (Hot),Katu (Pungent),Avoid,Avoid,Avoid,North Indian,"['Heart_Health', 'Hair_Growth']"
Persimmon,263,25.54,25.58,29.02,Tikta (Bitter),Ushna (Hot),Katu (Pungent),Avoid,Avoid,Favor,East Indian,['Diabetes']
Pork,236,15.31,36.72,21.15,Tikta (Bitter),Ushna (Hot),Madhura (Sweet),Favor,Avoid,Avoid,North Indian,['Digestion']
Chaas,51,39.76,17.4,27.46,Kashaya (Astringent),Shita (Cold),Amla (Sour),Avoid,Favor,Avoid,East Indian,"['Heart_Health', 'Joint_Pain']"
Oats,406,13.2,57.19,15.75,Amla (Sour),Shita (Cold),Amla (Sour),Favor,Avoid,Favor,North Indian,"['General_Wellness', 'Diabetes']"
Flax Seeds,214,34.38,34.8,19.88,Madhura (Sweet),Shita (Cold),Amla (Sour),Avoid,Neutral,Avoid,South Indian,['General_Wellness']
Yam,121,36.41,27.31,3.05,Madhura (Sweet),Shita (Cold),Madhura (Sweet),Avoid,Favor,Avoid,East Indian,"['Stress', 'Joint_Pain', 'Diabetes']"
White Rice,575,29.42,30.14,2.8,Tikta (Bitter),Ushna (Hot),Madhura (Sweet),Favor,Avoid,Avoid,South Indian,"['Joint_Pain', 'Stress', 'Immunity']"
Coconut,373,6.96,22.62,21.86,Amla (Sour),Shita (Cold),Amla (Sour),Favor,Avoid,Avoid,South Indian,"['Weight_Gain', 'General_Wellness']"
Pickle,392,5.09,63.37,12.58,Katu (Pungent),Ushna (Hot),Madhura (Sweet),Favor,Favor,Favor,North Indian,"['Weight_Loss', 'Skin_Health', 'General_Wellness']"
Bay Leaf,56,26.56,46.79,27.6,Madhura (Sweet),Ushna (Hot),Amla (Sour),Avoid,Favor,Avoid,West Indian,"['Acidity', 'Diabetes', 'Hair_Growth']"
Olive Oil,339,32.49,34.83,9.81,Amla (Sour),Ushna (Hot),Katu (Pungent),Favor,Neutral,Favor,East Indian,['Heart_Health']
Bitter Gourd,472,27.9,63.54,15.95,Tikta (Bitter),Ushna (Hot),Madhura (Sweet),Avoid,Avoid,Favor,East Indian,"['Weight_Loss', 'Immunity', 'Stress']"
Cilantro,149,17.43,29.7,7.89,Madhura (Sweet),Ushna (Hot),Katu (Pungent),Favor,Avoid,Favor,North Indian,"['Weight_Gain', 'Diabetes', 'Digestion']"
Sugar,524,16.64,75.51,18.23,Amla (Sour),Shita (Cold),Madhura (Sweet),Avoid,Avoid,Favor,South Indian,"['Hair_Growth', 'Diabetes']"
Rasam,596,22.11,31.63,18.61,Tikta (Bitter),Ushna (Hot),Katu (Pungent),Favor,Avoid,Favor,North Indian,"['Digestion', 'Hair_Growth', 'Weight_Gain']"
Amla,65,37.21,33.8,24.76,Madhura (Sweet),Shita (Cold),Amla (Sour),Avoid,Neutral,Neutral,West Indian,['Weight_Gain']
Urad Dal,590,9.37,30.81,6.99,Madhura (Sweet),Shita (Cold),Madhura (Sweet),Favor,Favor,Favor,North Indian,"['Digestion', 'Weight_Loss', 'Heart_Health']"
Tofu,384,31.41,72.86,21.28,Lavana (Salty),Shita (Cold),Katu (Pungent),Avoid,Avoid,Favor,East Indian,['Hair_Growth']
Kheer,268,38.08,59.85,25.99,Amla (Sour),Shita (Cold),Amla (Sour),Avoid,Favor,Favor,East Indian,['Heart_Health']
Lamb,137,2.95,28.9,3.2,Tikta (Bitter),Shita (Cold),Katu (Pungent),Favor,Avoid,Favor,North Indian,"['Weight_Gain', 'Joint_Pain']"
Peach,304,13.82,67.55,16.51,Tikta (Bitter),Shita (Cold),Madhura (Sweet),Neutral,Neutral,Avoid,South Indian,"['General_Wellness', 'Joint_Pain']"
Kheer,544,2.66,28.81,32.91,Tikta (Bitter),Shita (Cold),Amla (Sour),Neutral,Neutral,Avoid,North Indian,"['Weight_Loss', 'Immunity']"
Buttermilk,383,37.56,54.61,27.63,Kashaya (Astringent),Shita (Cold),Amla (Sour),Avoid,Favor,Favor,South Indian,['Hair_Growth']
Kiwi,494,7.88,9.14,18.09,Kashaya (Astringent),Ushna (Hot),Amla (Sour),Favor,Favor,Favor,West Indian,"['Stress', 'Weight_Loss']"
Broccoli,157,39.25,63.04,18.57,Amla (Sour),Shita (Cold),Amla (Sour),Neutral,Favor,Favor,West Indian,['Hair_Growth']
Pomegranate,550,26.04,37.3,4.85,Amla (Sour),Ushna (Hot),Amla (Sour),Favor,Neutral,Favor,North Indian,"['General_Wellness', 'Joint_Pain']"
Tomato,535,31.92,20.02,11.6,Amla (Sour),Ushna (Hot),Katu (Pungent),Favor,Favor,Favor,North Indian,['Stress']
Mutton Curry,477,26.95,29.91,18.3,Katu (Pungent),Shita (Cold),Amla (Sour),Favor,Favor,Avoid,South Indian,"['Diabetes', 'Digestion', 'Weight_Loss']"
Bay Leaf,563,37.35,38.4,23.76,Tikta (Bitter),Ushna (Hot),Madhura (Sweet),Avoid,Favor,Favor,South Indian,"['Diabetes', 'Acidity', 'Stress']"
Chutney,306,31.52,55.37,28.22,Kashaya (Astringent),Shita (Cold),Madhura (Sweet),Neutral,Favor,Favor,West Indian,['Skin_Health']
Basil,382,13.87,6.94,7.89,Madhura (Sweet),Ushna (Hot),Amla (Sour),Favor,Favor,Favor,West Indian,"['Heart_Health', 'Hair_Growth']"
Avial,193,4.53,6.68,27.17,Kashaya (Astringent),Ushna (Hot),Katu (Pungent),Avoid,Avoid,Neutral,West Indian,"['Hair_Growth', 'Acidity']"
Coriander,160,26.34,76.54,16.57,Katu (Pungent),Ushna (Hot),Katu (Pungent),Favor,Avoid,Avoid,South Indian,"['Weight_Loss', 'Stress']"
Pumpkin,387,27.22,28.41,27.87,Amla (Sour),Shita (Cold),Katu (Pungent),Neutral,Avoid,Neutral,South Indian,"['Hair_Growth', 'Heart_Health', 'Acidity']"
Khichdi,455,36.81,75.93,8.51,Amla (Sour),Ushna (Hot),Katu (Pungent),Avoid,Neutral,Neutral,South Indian,"['Stress', 'Immunity']"
Strawberry,288,12.56,24.13,12.83,Lavana (Salty),Ushna (Hot),Amla (Sour),Avoid,Favor,Avoid,North Indian,['Stress']
Edamame,552,16.54,53.83,25.94,Tikta (Bitter),Ushna (Hot),Amla (Sour),Favor,Avoid,Favor,South Indian,"['Weight_Loss', 'Joint_Pain', 'Hair_Growth']"
Fafda,158,28.18,51.59,15.72,Katu (Pungent),Ushna (Hot),Madhura (Sweet),Favor,Favor,Avoid,East Indian,"['Hair_Growth', 'Digestion']"
Rasmalai,77,8.7,42.4,32.18,Tikta (Bitter),Ushna (Hot),Katu (Pungent),Favor,Favor,Avoid,South Indian,['Weight_Gain']
Nectarine,487,38.68,17.01,19.18,Madhura (Sweet),Shita (Cold),Katu (Pungent),Avoid,Favor,Avoid,South Indian,['Immunity']
Mozzarella,515,31.42,53.36,30.53,Amla (Sour),Shita (Cold),Madhura (Sweet),Avoid,Neutral,Favor,North Indian,"['Weight_Loss', 'Diabetes']"
Garlic,304,28.3,12.07,26.83,Madhura (Sweet),Shita (Cold),Madhura (Sweet),Avoid,Favor,Avoid,East Indian,"['Immunity', 'Weight_Loss', 'Stress']"
Jasmine Rice,150,34.03,78.37,7.59,Amla (Sour),Ushna (Hot),Madhura (Sweet),Favor,Favor,Avoid,East Indian,['Acidity']
Uttapam,525,21.98,56.11,16.12,Lavana (Salty),Ushna (Hot),Amla (Sour),Avoid,Favor,Favor,South Indian,"['Heart_Health', 'Weight_Loss', 'Weight_Gain']"
Dates,426,16.23,15.0,15.92,Lavana (Salty),Shita (Cold),Katu (Pungent),Avoid,Favor,Favor,North Indian,"['Digestion', 'Stress']"
White Rice,191,36.62,42.77,17.35,Tikta (Bitter),Shita (Cold),Madhura (Sweet),Avoid,Neutral,Favor,West Indian,"['Stress', 'Skin_Health', 'Joint_Pain']"
Ginger,420,15.15,46.9,19.76,Tikta (Bitter),Shita (Cold),Madhura (Sweet),Avoid,Favor,Avoid,East Indian,['Digestion']
Rasmalai,376,27.5,34.07,13.27,Tikta (Bitter),Shita (Cold),Madhura (Sweet),Neutral,Avoid,Favor,South Indian,"['Acidity', 'Digestion']"
Quinoa,381,35.63,64.16,7.24,Katu (Pungent),Shita (Cold),Madhura (Sweet),Avoid,Neutral,Avoid,South Indian,"['Skin_Health', 'Weight_Loss']"
Rasam,304,11.0,76.9,15.82,Kashaya (Astringent),Shita (Cold),Katu (Pungent),Favor,Avoid,Neutral,South Indian,"['Stress', 'Hair_Growth', 'Heart_Health']"
Cottage Cheese,388,28.86,32.83,17.54,Amla (Sour),Ushna (Hot),Madhura (Sweet),Avoid,Favor,Avoid,North Indian,"['Skin_Health', 'Diabetes', 'Acidity']"
Lemon,131,18.69,25.63,33.06,Lavana (Salty),Shita (Cold),Amla (Sour),Favor,Favor,Favor,East Indian,['Stress']
Cilantro,172,18.73,58.17,2.5,Amla (Sour),Ushna (Hot),Madhura (Sweet),Favor,Neutral,Avoid,North Indian,"['Immunity', 'Weight_Gain', 'Hair_Growth']"
Lassi,204,27.94,66.94,25.2,Amla (Sour),Shita (Cold),Katu (Pungent),Avoid,Favor,Avoid,West Indian,"['Weight_Loss', 'Stress', 'Joint_Pain']"
Coconut Burfi,562,28.83,26.83,8.96,Lavana (Salty),Ushna (Hot),Madhura (Sweet),Favor,Avoid,Favor,East Indian,"['Digestion', 'Joint_Pain']"
Dates,478,33.49,72.59,28.95,Amla (Sour),Shita (Cold),Katu (Pungent),Avoid,Avoid,Neutral,South Indian,"['General_Wellness', 'Weight_Gain', 'Immunity']"
Jowar,369,12.97,65.7,2.86,Tikta (Bitter),Ushna (Hot),Amla (Sour),Favor,Favor,Avoid,North Indian,"['Joint_Pain', 'Diabetes', 'Immunity']"
Black Pepper,107,31.88,44.9,26.65,Katu (Pungent),Ushna (Hot),Katu (Pungent),Avoid,Favor,Favor,North Indian,"['Weight_Gain', 'General_Wellness', 'Skin_Health']"
Agave Nectar,567,2.42,29.82,1.55,Kashaya (Astringent),Ushna (Hot),Amla (Sour),Favor,Favor,Favor,North Indian,['Digestion']
Wheatgrass Juice,536,39.7,22.48,23.8,Tikta (Bitter),Shita (Cold),Madhura (Sweet),Favor,Avoid,Avoid,West Indian,['Acidity']
Chicken Tikka Masala,533,30.7,42.26,20.98,Kashaya (Astringent),Ushna (Hot),Amla (Sour),Favor,Avoid,Avoid,North Indian,"['General_Wellness', 'Hair_Growth']"
Jasmine Rice,179,14.22,17.69,10.64,Tikta (Bitter),Shita (Cold),Amla (Sour),Avoid,Favor,Avoid,North Indian,['Immunity']
Broccoli,305,34.42,52.04,28.36,Madhura (Sweet),Shita (Cold),Amla (Sour),Avoid,Neutral,Avoid,East Indian,"['General_Wellness', 'Weight_Loss']"
Oregano,479,16.44,16.82,14.87,Amla (Sour),Shita (Cold),Katu (Pungent),Favor,Avoid,Favor,East Indian,"['Acidity', 'Digestion']"
Black-eyed Peas,334,35.77,64.59,24.47,Tikta (Bitter),Ushna (Hot),Katu (Pungent),Favor,Favor,Neutral,South Indian,['Joint_Pain']
Mushroom,313,26.83,13.04,27.35,Tikta (Bitter),Ushna (Hot),Amla (Sour),Favor,Neutral,Neutral,East Indian,['Hair_Growth']
Pork,190,5.52,42.46,24.94,Amla (Sour),Ushna (Hot),Katu (Pungent),Favor,Favor,Favor,South Indian,"['General_Wellness', 'Weight_Loss']"
Palak Dal,569,9.3,12.98,11.18,Katu (Pungent),Ushna (Hot),Madhura (Sweet),Avoid,Favor,Avoid,East Indian,['Weight_Gain']
Mango,371,31.0,60.5,27.11,Madhura (Sweet),Ushna (Hot),Katu (Pungent),Neutral,Favor,Favor,South Indian,"['Immunity', 'Digestion', 'Hair_Growth']"
Fish Curry,588,21.81,58.06,1.23,Tikta (Bitter),Shita (Cold),Katu (Pungent),Neutral,Avoid,Favor,East Indian,['Weight_Gain']
Neem,489,22.06,59.0,31.22,Madhura (Sweet),Shita (Cold),Katu (Pungent),Favor,Avoid,Favor,East Indian,"['General_Wellness', 'Diabetes', 'Immunity']"
Coconut,584,26.65,62.86,14.5,Kashaya (Astringent),Shita (Cold),Madhura (Sweet),Favor,Favor,Avoid,East Indian,['General_Wellness']
Papad,566,10.21,65.77,10.26,Lavana (Salty),Shita (Cold),Katu (Pungent),Avoid,Favor,Avoid,South Indian,"['Weight_Gain', 'Immunity', 'Weight_Loss']"
Hyderabadi Biryani,175,35.91,35.7,21.68,Tikta (Bitter),Ushna (Hot),Madhura (Sweet),Neutral,Favor,Favor,South Indian,"['Skin_Health', 'Acidity']"
Artichoke,268,20.14,17.16,21.78,Katu (Pungent),Shita (Cold),Amla (Sour),Favor,Avoid,Favor,North Indian,"['Joint_Pain', 'Skin_Health']"
Fennel Seeds,528,39.76,38.38,18.9,Tikta (Bitter),Shita (Cold),Katu (Pungent),Avoid,Favor,Favor,East Indian,"['Heart_Health', 'Diabetes']"
Cheddar,567,14.28,14.2,19.33,Amla (Sour),Shita (Cold),Katu (Pungent),Avoid,Avoid,Avoid,North Indian,"['Acidity', 'Skin_Health', 'Diabetes']"
Custard Apple,535,21.94,10.21,11.75,Amla (Sour),Shita (Cold),Amla (Sour),Avoid,Avoid,Avoid,East Indian,"['Weight_Gain', 'Diabetes', 'Acidity']"
Cauliflower,505,5.39,13.51,31.69,Madhura (Sweet),Shita (Cold),Amla (Sour),Avoid,Favor,Favor,North Indian,"['Acidity', 'Stress', 'Diabetes']"
Cottage Cheese,237,29.62,33.31,25.26,Tikta (Bitter),Ushna (Hot),Amla (Sour),Neutral,Avoid,Favor,North Indian,['Diabetes']
Tuna,218,21.22,18.94,24.03,Tikta (Bitter),Ushna (Hot),Madhura (Sweet),Avoid,Favor,Favor,East Indian,['Weight_Loss']
Jowar Roti,69,25.28,41.77,23.05,Amla (Sour),Shita (Cold),Katu (Pungent),Favor,Neutral,Avoid,East Indian,"['Joint_Pain', 'Immunity', 'Acidity']"
Urad Dal,168,5.96,59.4,8.68,Madhura (Sweet),Shita (Cold),Katu (Pungent),Avoid,Favor,Favor,North Indian,['Hair_Growth']
Chickpeas,98,10.93,55.23,29.54,Tikta (Bitter),Shita (Cold),Katu (Pungent),Favor,Neutral,Avoid,South Indian,"['Immunity', 'Stress']"
Dum Aloo,474,20.15,79.4,3.55,Amla (Sour),Shita (Cold),Amla (Sour),Favor,Favor,Favor,East Indian,['Diabetes']
Medu Vada,273,39.46,28.99,4.25,Amla (Sour),Shita (Cold),Amla (Sour),Neutral,Avoid,Favor,West Indian,"['Skin_Health', 'Heart_Health', 'Stress']"
Khichdi,128,11.13,50.34,20.8,Katu (Pungent),Shita (Cold),Amla (Sour),Favor,Avoid,Favor,North Indian,"['Skin_Health', 'Stress', 'Joint_Pain']"
Zucchini,372,2.44,48.07,31.31,Katu (Pungent),Ushna (Hot),Amla (Sour),Favor,Avoid,Avoid,East Indian,['Immunity']
Tempeh,251,19.29,17.49,11.77,Tikta (Bitter),Shita (Cold),Katu (Pungent),Favor,Avoid,Favor,North Indian,['Weight_Loss']
Sugar,531,25.72,28.69,23.21,Katu (Pungent),Ushna (Hot),Madhura (Sweet),Favor,Favor,Favor,South Indian,"['Stress', 'Weight_Loss']"
Moong Dal,541,25.87,76.11,19.08,Kashaya (Astringent),Shita (Cold),Madhura (Sweet),Favor,Favor,Favor,North Indian,['Weight_Loss']
Sesame Oil,451,24.36,33.4,26.37,Katu (Pungent),Shita (Cold),Katu (Pungent),Avoid,Avoid,Avoid,North Indian,['Joint_Pain']
Amla Juice,129,25.41,33.28,20.0,Katu (Pungent),Ushna (Hot),Amla (Sour),Avoid,Avoid,Favor,North Indian,['Acidity']
Brazil Nut,320,25.16,65.85,8.58,Katu (Pungent),Ushna (Hot),Katu (Pungent),Avoid,Favor,Neutral,North Indian,"['Skin_Health', 'Diabetes']"
Dum Aloo,115,31.7,33.22,15.43,Kashaya (Astringent),Ushna (Hot),Katu (Pungent),Favor,Favor,Favor,West Indian,['Hair_Growth']
Shahi Tukda,436,38.44,50.65,7.85,Kashaya (Astringent),Ushna (Hot),Amla (Sour),Favor,Favor,Favor,East Indian,"['Skin_Health', 'Diabetes']"
Carrot,233,5.79,37.87,19.93,Tikta (Bitter),Shita (Cold),Katu (Pungent),Neutral,Avoid,Avoid,South Indian,['Weight_Gain']
Sesame Seeds,174,7.7,26.84,20.51,Tikta (Bitter),Shita (Cold),Amla (Sour),Favor,Avoid,Favor,West Indian,['Digestion']
Green Chilli,75,15.41,68.78,24.98,Kashaya (Astringent),Shita (Cold),Amla (Sour),Favor,Favor,Neutral,North Indian,"['Skin_Health', 'Weight_Loss']"
Edamame,490,16.33,16.92,20.73,Katu (Pungent),Shita (Cold),Madhura (Sweet),Favor,Avoid,Neutral,East Indian,['Diabetes']
Barley,319,10.12,31.19,6.52,Madhura (Sweet),Shita (Cold),Madhura (Sweet),Avoid,Avoid,Favor,North Indian,"['Digestion', 'Heart_Health']"
Walnut,289,13.19,62.57,14.63,Lavana (Salty),Shita (Cold),Madhura (Sweet),Avoid,Favor,Avoid,South Indian,['Immunity']
Cranberry,331,36.88,21.93,4.64,Kashaya (Astringent),Shita (Cold),Madhura (Sweet),Avoid,Avoid,Favor,West Indian,"['Skin_Health', 'Diabetes']"
Onion Bhaji,479,22.61,19.92,3.43,Tikta (Bitter),Shita (Cold),Katu (Pungent),Favor,Favor,Avoid,East Indian,['General_Wellness']
Roti,453,21.11,19.0,24.12,Katu (Pungent),Shita (Cold),Amla (Sour),Favor,Avoid,Avoid,East Indian,['General_Wellness']
Jaggery,102,24.88,7.41,1.63,Tikta (Bitter),Shita (Cold),Katu (Pungent),Avoid,Avoid,Neutral,East Indian,['Joint_Pain']
Almond,89,32.52,25.49,28.81,Katu (Pungent),Ushna (Hot),Katu (Pungent),Favor,Avoid,Favor,North Indian,['General_Wellness']
Dahi Puri,327,33.86,57.64,11.88,Katu (Pungent),Shita (Cold),Madhura (Sweet),Favor,Avoid,Favor,North Indian,"['Immunity', 'Skin_Health']"
Dal Makhani,310,38.55,23.1,26.79,Tikta (Bitter),Shita (Cold),Amla (Sour),Avoid,Avoid,Favor,East Indian,"['General_Wellness', 'Skin_Health', 'Immunity']"
Carrot,121,37.92,10.77,33.74,Kashaya (Astringent),Shita (Cold),Madhura (Sweet),Favor,Avoid,Favor,North Indian,['Digestion']
Maple Syrup,366,13.37,19.21,3.16,Kashaya (Astringent),Shita (Cold),Katu (Pungent),Avoid,Avoid,Avoid,East Indian,['Hair_Growth']
Bajra Roti,59,22.3,44.46,13.18,Madhura (Sweet),Shita (Cold),Madhura (Sweet),Favor,Favor,Avoid,North Indian,['General_Wellness']
Jalebi,522,28.88,78.04,12.32,Katu (Pungent),Shita (Cold),Amla (Sour),Favor,Favor,Favor,West Indian,"['General_Wellness', 'Immunity']"
Bhel Puri,288,2.85,67.52,2.42,Kashaya (Astringent),Shita (Cold),Amla (Sour),Avoid,Favor,Favor,South Indian,"['Heart_Health', 'Hair_Growth', 'Acidity']"
Cranberry,570,38.94,8.27,3.74,Amla (Sour),Shita (Cold),Madhura (Sweet),Favor,Avoid,Favor,North Indian,"['Weight_Gain', 'Heart_Health', 'Skin_Health']"
Mushroom,316,5.06,49.11,1.09,Madhura (Sweet),Shita (Cold),Katu (Pungent),Avoid,Favor,Avoid,West Indian,"['Skin_Health', 'Diabetes', 'Immunity']"
Karela Juice,232,17.42,20.92,22.2,Kashaya (Astringent),Ushna (Hot),Madhura (Sweet),Favor,Neutral,Avoid,North Indian,"['General_Wellness', 'Weight_Loss']"
Artichoke,258,12.25,78.86,2.98,Amla (Sour),Ushna (Hot),Madhura (Sweet),Avoid,Avoid,Avoid,East Indian,['Weight_Gain']
Asafoetida,386,18.24,23.76,25.17,Katu (Pungent),Shita (Cold),Madhura (Sweet),Favor,Avoid,Avoid,East Indian,"['Immunity', 'Heart_Health']"
Bajra,396,36.4,34.66,19.96,Amla (Sour),Shita (Cold),Amla (Sour),Neutral,Favor,Favor,East Indian,"['Digestion', 'Diabetes']"
Mustard Seeds,323,27.03,74.52,10.16,Lavana (Salty),Shita (Cold),Katu (Pungent),Favor,Favor,Favor,North Indian,['Heart_Health']
Cod,171,12.71,52.94,7.38,Katu (Pungent),Ushna (Hot),Amla (Sour),Avoid,Avoid,Favor,West Indian,"['Weight_Gain', 'Joint_Pain']"
Tandoori Chicken,507,26.98,78.27,2.47,Katu (Pungent),Shita (Cold),Madhura (Sweet),Favor,Neutral,Avoid,West Indian,"['Diabetes', 'Joint_Pain']"
Khichdi,521,29.45,50.02,17.99,Katu (Pungent),Shita (Cold),Amla (Sour),Avoid,Favor,Favor,North Indian,['Hair_Growth']
Vada Pav,431,22.54,29.1,19.39,Lavana (Salty),Shita (Cold),Amla (Sour),Favor,Avoid,Favor,West Indian,"['Joint_Pain', 'Weight_Gain']"
Puran Poli,204,16.9,7.44,12.89,Tikta (Bitter),Shita (Cold),Madhura (Sweet),Avoid,Avoid,Favor,South Indian,['Immunity']
Cauliflower,222,37.47,9.07,5.77,Madhura (Sweet),Ushna (Hot),Katu (Pungent),Favor,Avoid,Avoid,North Indian,"['Immunity', 'Skin_Health']"
Rasgulla,274,8.78,48.9,19.37,Tikta (Bitter),Ushna (Hot),Katu (Pungent),Favor,Avoid,Avoid,South Indian,"['Immunity', 'Diabetes']"
Garlic,378,31.5,51.81,19.79,Katu (Pungent),Shita (Cold),Katu (Pungent),Avoid,Avoid,Avoid,North Indian,"['Weight_Loss', 'Heart_Health', 'Stress']"
Couscous,369,14.29,46.65,8.61,Kashaya (Astringent),Ushna (Hot),Amla (Sour),Neutral,Favor,Favor,West Indian,"['Acidity', 'Diabetes']"
Kale,175,32.9,14.66,32.44,Kashaya (Astringent),Shita (Cold),Katu (Pungent),Favor,Neutral,Favor,North Indian,"['Immunity', 'Skin_Health']"
Onion,336,26.13,19.29,20.44,Amla (Sour),Shita (Cold),Amla (Sour),Favor,Avoid,Favor,East Indian,"['Weight_Gain', 'Digestion', 'General_Wellness']"
Vegetable Korma,313,22.58,66.0,13.37,Tikta (Bitter),Ushna (Hot),Madhura (Sweet),Favor,Favor,Avoid,North Indian,['Hair_Growth']
Shahi Tukda,510,3.5,18.31,10.62,Tikta (Bitter),Shita (Cold),Amla (Sour),Avoid,Favor,Favor,West Indian,['Acidity']
Coffee,577,7.45,31.59,23.45,Tikta (Bitter),Ushna (Hot),Katu (Pungent),Avoid,Avoid,Avoid,West Indian,"['Skin_Health', 'Heart_Health']"
Yogurt,139,22.62,68.84,12.02,Katu (Pungent),Ushna (Hot),Madhura (Sweet),Neutral,Favor,Avoid,South Indian,['Skin_Health']
Turmeric,497,22.1,25.9,28.95,Amla (Sour),Shita (Cold),Madhura (Sweet),Avoid,Avoid,Favor,West Indian,['Heart_Health']
Naan,278,21.37,29.33,11.67,Madhura (Sweet),Shita (Cold),Katu (Pungent),Avoid,Favor,Favor,East Indian,"['Digestion', 'General_Wellness']"
Neem,148,19.78,13.98,29.33,Madhura (Sweet),Shita (Cold),Katu (Pungent),Favor,Favor,Avoid,East Indian,"['Immunity', 'Skin_Health', 'Weight_Loss']"
Cardamom,299,35.36,35.72,14.94,Kashaya (Astringent),Shita (Cold),Katu (Pungent),Favor,Favor,Favor,North Indian,"['General_Wellness', 'Immunity']"
Turmeric,306,17.81,26.55,19.14,Amla (Sour),Ushna (Hot),Madhura (Sweet),Favor,Favor,Favor,East Indian,['Weight_Gain']
White Rice,301,6.55,40.35,23.56,Tikta (Bitter),Ushna (Hot),Madhura (Sweet),Favor,Favor,Avoid,East Indian,"['Weight_Loss', 'Heart_Health', 'Skin_Health']"
Chole Kulche,188,13.12,56.67,0.51,Amla (Sour),Ushna (Hot),Madhura (Sweet),Neutral,Avoid,Neutral,East Indian,"['Weight_Loss', 'Weight_Gain']"
Sunflower Oil,76,17.63,31.34,19.04,Amla (Sour),Ushna (Hot),Madhura (Sweet),Favor,Favor,Favor,West Indian,['Stress']
Persimmon,437,12.37,66.83,31.29,Amla (Sour),Ushna (Hot),Amla (Sour),Avoid,Favor,Favor,North Indian,['Skin_Health']
Gajar ka Halwa,222,28.65,70.15,3.98,Amla (Sour),Ushna (Hot),Amla (Sour),Neutral,Favor,Avoid,North Indian,['Skin_Health']
Thepla,229,24.73,58.28,18.61,Amla (Sour),Shita (Cold),Madhura (Sweet),Favor,Favor,Avoid,South Indian,"['Weight_Loss', 'Acidity']"
Couscous,416,39.71,7.22,23.27,Kashaya (Astringent),Shita (Cold),Katu (Pungent),Favor,Favor,Avoid,South Indian,['Hair_Growth']
Gajar ka Halwa,338,38.35,6.13,2.54,Tikta (Bitter),Shita (Cold),Madhura (Sweet),Avoid,Avoid,Favor,West Indian,['Skin_Health']
Chicken Tikka Masala,202,39.48,16.51,1.67,Tikta (Bitter),Shita (Cold),Amla (Sour),Favor,Favor,Favor,West Indian,"['Digestion', 'Stress', 'General_Wellness']"
Coconut Water,590,34.03,35.5,26.24,Kashaya (Astringent),Shita (Cold),Katu (Pungent),Avoid,Avoid,Avoid,East Indian,"['Immunity', 'General_Wellness']"
Black Salt,240,30.13,26.24,20.19,Madhura (Sweet),Ushna (Hot),Katu (Pungent),Avoid,Favor,Avoid,North Indian,['General_Wellness']
Cloves,499,26.5,14.77,30.19,Lavana (Salty),Ushna (Hot),Madhura (Sweet),Avoid,Favor,Avoid,South Indian,"['Weight_Gain', 'Stress', 'Hair_Growth']"
Peanut,316,14.17,63.83,2.33,Tikta (Bitter),Ushna (Hot),Amla (Sour),Avoid,Neutral,Favor,West Indian,['Diabetes']
Gulab Jamun,396,33.74,58.34,9.5,Lavana (Salty),Shita (Cold),Katu (Pungent),Favor,Favor,Avoid,South Indian,['Diabetes']
Watermelon,593,7.59,78.24,7.91,Lavana (Salty),Ushna (Hot),Katu (Pungent),Neutral,Avoid,Favor,East Indian,"['General_Wellness', 'Stress', 'Joint_Pain']"
Buckwheat,597,37.66,8.05,1.01,Amla (Sour),Ushna (Hot),Amla (Sour),Avoid,Favor,Favor,East Indian,"['Weight_Gain', 'Diabetes']"
Biryani,297,14.19,14.13,29.12,Katu (Pungent),Ushna (Hot),Amla (Sour),Favor,Avoid,Favor,North Indian,"['General_Wellness', 'Heart_Health', 'Weight_Gain']"
Cloves,517,22.79,55.91,2.33,Madhura (Sweet),Shita (Cold),Madhura (Sweet),Neutral,Favor,Avoid,South Indian,"['Weight_Loss', 'General_Wellness', 'Diabetes']"
Samosa,443,29.75,59.04,13.13,Madhura (Sweet),Ushna (Hot),Katu (Pungent),Favor,Favor,Favor,East Indian,['Hair_Growth']
Dosa,396,18.87,64.18,17.48,Tikta (Bitter),Ushna (Hot),Amla (Sour),Avoid,Avoid,Avoid,North Indian,['Weight_Gain']
Wheatgrass Juice,521,13.56,53.26,15.42,Tikta (Bitter),Shita (Cold),Madhura (Sweet),Favor,Avoid,Favor,East Indian,['Acidity']
Triphala,88,10.57,49.85,4.81,Tikta (Bitter),Shita (Cold),Katu (Pungent),Favor,Favor,Favor,North Indian,['Weight_Gain']
Curry Leaves,452,29.73,6.02,32.85,Lavana (Salty),Shita (Cold),Madhura (Sweet),Avoid,Avoid,Favor,West Indian,['Heart_Health']
Raj Kachori,557,37.13,48.16,22.5,Amla (Sour),Shita (Cold),Madhura (Sweet),Favor,Favor,Favor,East Indian,"['Skin_Health', 'Joint_Pain', 'Weight_Gain']"
Cloves,196,34.69,35.97,21.62,Lavana (Salty),Shita (Cold),Amla (Sour),Neutral,Avoid,Avoid,North Indian,"['Hair_Growth', 'Immunity']"
Spinach,566,35.13,74.16,22.12,Katu (Pungent),Ushna (Hot),Amla (Sour),Avoid,Neutral,Favor,South Indian,"['General_Wellness', 'Hair_Growth', 'Weight_Loss']"
Turmeric,345,36.53,35.83,29.82,Tikta (Bitter),Ushna (Hot),Madhura (Sweet),Favor,Favor,Neutral,East Indian,"['Heart_Health', 'Diabetes', 'Digestion']"
Pickle,87,37.75,47.93,3.91,Kashaya (Astringent),Shita (Cold),Katu (Pungent),Neutral,Avoid,Favor,South Indian,"['Stress', 'Heart_Health']"
Pakora,535,24.16,48.27,3.16,Kashaya (Astringent),Ushna (Hot),Madhura (Sweet),Avoid,Favor,Avoid,North Indian,"['Joint_Pain', 'Digestion']"
Buttermilk,296,17.27,67.85,17.14,Lavana (Salty),Shita (Cold),Katu (Pungent),Avoid,Neutral,Favor,South Indian,['Weight_Gain']
Bitter Gourd,589,24.84,43.87,6.32,Lavana (Salty),Ushna (Hot),Katu (Pungent),Avoid,Favor,Favor,South Indian,"['Stress', 'General_Wellness', 'Skin_Health']"
Cucumber,65,27.62,53.5,4.0,Katu (Pungent),Shita (Cold),Katu (Pungent),Avoid,Avoid,Avoid,East Indian,"['Immunity', 'Diabetes']"
Pumpkin,100,33.5,5.23,22.74,Madhura (Sweet),Shita (Cold),Katu (Pungent),Neutral,Favor,Favor,North Indian,"['Heart_Health', 'Joint_Pain', 'Skin_Health']"
Puri Bhaji,213,6.17,10.61,13.4,Lavana (Salty),Shita (Cold),Amla (Sour),Avoid,Avoid,Avoid,West Indian,"['Digestion', 'Hair_Growth']"
Fish Curry,541,4.76,39.34,6.07,Katu (Pungent),Ushna (Hot),Katu (Pungent),Favor,Neutral,Favor,South Indian,"['Skin_Health', 'Hair_Growth']"
Peach,379,11.93,29.25,29.9,Madhura (Sweet),Ushna (Hot),Katu (Pungent),Neutral,Favor,Favor,West Indian,['Diabetes']
Coffee,504,35.3,55.91,10.16,Tikta (Bitter),Ushna (Hot),Madhura (Sweet),Favor,Avoid,Avoid,East Indian,"['Acidity', 'Stress']"
Triphala,102,34.84,62.53,23.99,Katu (Pungent),Ushna (Hot),Madhura (Sweet),Favor,Favor,Favor,North Indian,"['Weight_Loss', 'Weight_Gain', 'Skin_Health']"
Lamb,284,17.86,73.6,14.57,Katu (Pungent),Ushna (Hot),Madhura (Sweet),Favor,Favor,Favor,North Indian,['Skin_Health']
Baingan Bharta,439,18.86,52.41,19.63,Lavana (Salty),Ushna (Hot),Katu (Pungent),Neutral,Avoid,Avoid,West Indian,"['Stress', 'Weight_Loss']"
Gulab Jamun,318,38.81,24.11,34.74,Tikta (Bitter),Ushna (Hot),Madhura (Sweet),Favor,Avoid,Favor,East Indian,"['Skin_Health', 'Weight_Gain']"
Curry Leaves,444,5.44,16.77,21.37,Kashaya (Astringent),Ushna (Hot),Amla (Sour),Avoid,Avoid,Avoid,West Indian,['Heart_Health']
Walnut,520,30.22,18.17,9.98,Kashaya (Astringent),Shita (Cold),Madhura (Sweet),Favor,Favor,Favor,North Indian,['Weight_Loss']
Nectarine,407,23.96,68.55,29.02,Katu (Pungent),Shita (Cold),Madhura (Sweet),Favor,Favor,Avoid,West Indian,['Skin_Health']
Sugar,455,15.48,57.16,6.84,Tikta (Bitter),Shita (Cold),Katu (Pungent),Avoid,Avoid,Favor,South Indian,['Digestion']
Uttapam,479,16.69,14.16,23.97,Lavana (Salty),Shita (Cold),Madhura (Sweet),Favor,Favor,Avoid,South Indian,"['Immunity', 'Digestion']"
Naan,374,14.42,11.45,13.46,Lavana (Salty),Ushna (Hot),Madhura (Sweet),Favor,Favor,Avoid,South Indian,['Weight_Gain']
Goat Cheese,195,25.39,58.63,24.14,Kashaya (Astringent),Shita (Cold),Amla (Sour),Favor,Avoid,Favor,West Indian,"['Joint_Pain', 'Skin_Health']"
Pongal,592,10.13,63.0,11.55,Kashaya (Astringent),Shita (Cold),Katu (Pungent),Favor,Neutral,Avoid,South Indian,"['Weight_Gain', 'Skin_Health']"
Tuna,378,21.46,29.56,12.08,Lavana (Salty),Shita (Cold),Katu (Pungent),Avoid,Avoid,Avoid,West Indian,['Stress']
Coconut Burfi,292,32.47,47.08,2.7,Tikta (Bitter),Shita (Cold),Amla (Sour),Avoid,Favor,Favor,South Indian,"['Heart_Health', 'Weight_Loss', 'Stress']"
Chia Seeds,67,23.33,24.54,14.34,Kashaya (Astringent),Ushna (Hot),Katu (Pungent),Favor,Avoid,Avoid,South Indian,"['Heart_Health', 'Diabetes', 'Hair_Growth']"
Rasmalai,221,12.1,55.05,32.39,Amla (Sour),Ushna (Hot),Madhura (Sweet),Favor,Avoid,Avoid,East Indian,['General_Wellness']
Spinach,95,5.81,50.14,22.87,Madhura (Sweet),Ushna (Hot),Katu (Pungent),Avoid,Favor,Favor,West Indian,['Acidity']
Pakora,558,35.82,76.41,32.94,Tikta (Bitter),Ushna (Hot),Amla (Sour),Neutral,Favor,Neutral,East Indian,"['Joint_Pain', 'Digestion', 'Immunity']"
Paneer,440,34.46,64.06,29.74,Katu (Pungent),Shita (Cold),Katu (Pungent),Avoid,Avoid,Favor,East Indian,"['Weight_Loss', 'Stress']"
Mutton Curry,229,23.79,77.13,30.19,Madhura (Sweet),Ushna (Hot),Madhura (Sweet),Favor,Favor,Avoid,West Indian,['Weight_Loss']
Olive Oil,406,8.92,30.75,6.7,Madhura (Sweet),Ushna (Hot),Katu (Pungent),Avoid,Favor,Favor,North Indian,"['Stress', 'Diabetes']"
Chia Seeds,287,31.38,73.24,15.37,Amla (Sour),Shita (Cold),Madhura (Sweet),Favor,Avoid,Favor,South Indian,['General_Wellness']
Asafoetida,177,26.82,27.14,28.86,Katu (Pungent),Shita (Cold),Madhura (Sweet),Avoid,Avoid,Avoid,West Indian,"['Digestion', 'Weight_Gain', 'Hair_Growth']"
Chhole Bhature,156,29.39,45.5,28.96,Amla (Sour),Ushna (Hot),Katu (Pungent),Favor,Avoid,Favor,South Indian,"['Joint_Pain', 'Diabetes', 'Digestion']"
Masala Dosa,208,7.76,52.94,17.34,Madhura (Sweet),Ushna (Hot),Amla (Sour),Favor,Favor,Avoid,North Indian,"['Stress', 'Digestion', 'Immunity']"
Idli,315,12.92,22.52,12.36,Kashaya (Astringent),Ushna (Hot),Katu (Pungent),Favor,Favor,Favor,West Indian,"['General_Wellness', 'Digestion', 'Acidity']"
Walnut,418,18.85,66.4,9.06,Tikta (Bitter),Shita (Cold),Madhura (Sweet),Favor,Favor,Favor,West Indian,['Stress']
Handvo,518,39.98,26.89,5.93,Amla (Sour),Ushna (Hot),Amla (Sour),Favor,Avoid,Avoid,South Indian,"['Immunity', 'Digestion', 'Joint_Pain']"
Dal Makhani,407,37.6,54.5,0.75,Madhura (Sweet),Shita (Cold),Madhura (Sweet),Avoid,Neutral,Favor,North Indian,['Joint_Pain']
Tea,327,23.15,39.16,31.22,Katu (Pungent),Ushna (Hot),Amla (Sour),Avoid,Favor,Favor,West Indian,"['Diabetes', 'Digestion']"
Barley,501,6.05,66.61,7.82,Tikta (Bitter),Shita (Cold),Madhura (Sweet),Favor,Avoid,Favor,North Indian,['Weight_Gain']
Idli,485,16.34,18.48,17.59,Tikta (Bitter),Ushna (Hot),Amla (Sour),Avoid,Neutral,Favor,South Indian,"['Weight_Gain', 'Heart_Health']"
Mace,598,28.25,51.46,29.18,Madhura (Sweet),Ushna (Hot),Amla (Sour),Favor,Avoid,Avoid,West Indian,['Joint_Pain']
Avial,157,4.53,6.67,15.57,Madhura (Sweet),Shita (Cold),Madhura (Sweet),Favor,Favor,Avoid,East Indian,['Skin_Health']
Dosa,267,20.45,28.93,23.83,Lavana (Salty),Ushna (Hot),Madhura (Sweet),Neutral,Avoid,Neutral,East Indian,"['Immunity', 'Acidity', 'General_Wellness']"
Brussels Sprouts,504,4.99,67.29,26.69,Lavana (Salty),Ushna (Hot),Amla (Sour),Avoid,Favor,Avoid,South Indian,"['Weight_Gain', 'Immunity']"
Fig,307,16.04,9.28,27.43,Lavana (Salty),Shita (Cold),Amla (Sour),Favor,Favor,Favor,North Indian,"['Heart_Health', 'Diabetes', 'Weight_Gain']"
Asparagus,322,8.35,56.22,26.61,Kashaya (Astringent),Shita (Cold),Katu (Pungent),Neutral,Avoid,Favor,East Indian,"['Skin_Health', 'Joint_Pain']"
Naan,55,10.9,38.16,29.21,Kashaya (Astringent),Shita (Cold),Madhura (Sweet),Favor,Neutral,Avoid,South Indian,['General_Wellness']
Brazil Nut,277,33.3,9.95,2.63,Amla (Sour),Ushna (Hot),Madhura (Sweet),Avoid,Favor,Avoid,North Indian,['Acidity']
Soybeans,355,16.3,50.87,6.29,Tikta (Bitter),Shita (Cold),Katu (Pungent),Neutral,Favor,Favor,East Indian,"['Immunity', 'General_Wellness']"
Cloves,555,16.37,23.96,31.95,Amla (Sour),Shita (Cold),Amla (Sour),Neutral,Favor,Avoid,East Indian,"['Joint_Pain', 'General_Wellness']"
Apricot,137,17.92,12.77,15.79,Kashaya (Astringent),Shita (Cold),Madhura (Sweet),Avoid,Avoid,Favor,West Indian,"['Stress', 'Diabetes']"
Bhindi Masala,248,5.57,5.9,28.6,Katu (Pungent),Shita (Cold),Amla (Sour),Avoid,Avoid,Avoid,East Indian,"['Hair_Growth', 'Heart_Health', 'Skin_Health']"
Coconut,416,33.1,65.81,17.59,Lavana (Salty),Shita (Cold),Katu (Pungent),Avoid,Favor,Favor,North Indian,"['Diabetes', 'Acidity']"
Naan,599,28.66,62.68,17.93,Lavana (Salty),Shita (Cold),Katu (Pungent),Neutral,Avoid,Avoid,West Indian,"['Skin_Health', 'Digestion', 'Weight_Gain']"
Triphala,252,23.01,28.36,31.8,Tikta (Bitter),Shita (Cold),Amla (Sour),Avoid,Favor,Avoid,South Indian,['Weight_Loss']
Brazil Nut,302,2.82,55.47,21.49,Kashaya (Astringent),Shita (Cold),Amla (Sour),Favor,Favor,Favor,South Indian,"['Hair_Growth', 'Skin_Health']"
Buttermilk,335,28.6,67.76,9.94,Madhura (Sweet),Ushna (Hot),Katu (Pungent),Neutral,Avoid,Avoid,East Indian,"['Stress', 'Weight_Loss', 'Acidity']"
Chaas,548,35.49,18.72,3.22,Tikta (Bitter),Shita (Cold),Amla (Sour),Avoid,Favor,Favor,North Indian,"['General_Wellness', 'Weight_Gain', 'Joint_Pain']"
Kheer,250,30.44,30.17,13.9,Lavana (Salty),Ushna (Hot),Madhura (Sweet),Avoid,Favor,Neutral,South Indian,"['Digestion', 'Stress', 'Weight_Loss']"
Apricot,263,8.2,46.91,19.67,Tikta (Bitter),Shita (Cold),Madhura (Sweet),Avoid,Favor,Avoid,East Indian,"['Skin_Health', 'Immunity']"
Chicken,389,10.44,36.9,27.21,Katu (Pungent),Shita (Cold),Madhura (Sweet),Favor,Favor,Avoid,South Indian,"['Weight_Loss', 'General_Wellness', 'Joint_Pain']"
Bok Choy,451,24.83,20.01,28.63,Amla (Sour),Shita (Cold),Amla (Sour),Neutral,Avoid,Favor,North Indian,"['Stress', 'Acidity']"
Chicken,241,31.21,78.79,16.94,Amla (Sour),Ushna (Hot),Amla (Sour),Neutral,Favor,Avoid,South Indian,"['Immunity', 'Hair_Growth', 'Skin_Health']"
Jowar Roti,488,38.69,5.32,28.74,Lavana (Salty),Shita (Cold),Madhura (Sweet),Avoid,Favor,Favor,West Indian,['Stress']
Watermelon,109,38.08,46.53,12.35,Kashaya (Astringent),Ushna (Hot),Amla (Sour),Favor,Avoid,Favor,North Indian,['Immunity']
Karela Juice,563,16.46,70.15,25.67,Tikta (Bitter),Ushna (Hot),Madhura (Sweet),Neutral,Favor,Favor,East Indian,"['Joint_Pain', 'Stress', 'Heart_Health']"
Mustard Seeds,382,39.59,19.63,28.29,Kashaya (Astringent),Shita (Cold),Katu (Pungent),Favor,Neutral,Favor,West Indian,"['Hair_Growth', 'Immunity', 'Heart_Health']"
Pomegranate,377,30.71,13.29,32.05,Katu (Pungent),Ushna (Hot),Katu (Pungent),Avoid,Avoid,Neutral,North Indian,"['General_Wellness', 'Skin_Health']"
Banana,576,3.62,24.34,12.63,Lavana (Salty),Ushna (Hot),Amla (Sour),Favor,Avoid,Favor,West Indian,['Joint_Pain']
Aloo Gobi,74,21.33,23.89,31.65,Madhura (Sweet),Ushna (Hot),Katu (Pungent),Avoid,Favor,Favor,West Indian,"['Weight_Loss', 'Immunity']"
Moong Dal,470,35.31,64.33,1.27,Amla (Sour),Ushna (Hot),Amla (Sour),Avoid,Favor,Avoid,West Indian,"['Digestion', 'Skin_Health']"
Dal Tadka,396,28.45,18.68,14.7,Amla (Sour),Shita (Cold),Madhura (Sweet),Favor,Neutral,Avoid,East Indian,"['Immunity', 'Weight_Gain', 'Digestion']"
Bay Leaf,378,19.37,77.69,1.61,Tikta (Bitter),Shita (Cold),Amla (Sour),Favor,Avoid,Favor,North Indian,"['Weight_Gain', 'Digestion']"
Basmati Rice,344,37.47,51.91,20.55,Madhura (Sweet),Ushna (Hot),Amla (Sour),Avoid,Favor,Favor,West Indian,['General_Wellness']
Palak Paneer,207,38.65,12.1,27.03,Lavana (Salty),Shita (Cold),Madhura (Sweet),Avoid,Favor,Avoid,West Indian,"['Digestion', 'Joint_Pain']"
Pumpkin Seeds,317,35.5,74.71,26.49,Kashaya (Astringent),Ushna (Hot),Katu (Pungent),Avoid,Neutral,Favor,East Indian,"['Acidity', 'Immunity']"
Biryani,521,21.17,7.52,22.76,Lavana (Salty),Shita (Cold),Madhura (Sweet),Favor,Favor,Avoid,South Indian,['Immunity']
Puri Bhaji,194,36.65,35.2,22.38,Lavana (Salty),Shita (Cold),Amla (Sour),Avoid,Avoid,Favor,East Indian,['Weight_Gain']
Saffron,395,10.72,44.09,4.32,Madhura (Sweet),Ushna (Hot),Amla (Sour),Favor,Favor,Neutral,South Indian,"['Weight_Loss', 'Acidity', 'General_Wellness']"
Crab,447,9.5,53.67,14.08,Tikta (Bitter),Ushna (Hot),Madhura (Sweet),Favor,Favor,Favor,West Indian,"['Diabetes', 'Immunity', 'General_Wellness']"
Pongal,129,23.86,15.13,19.39,Amla (Sour),Shita (Cold),Katu (Pungent),Avoid,Avoid,Avoid,West Indian,['Stress']
Pumpkin Seeds,282,4.54,28.47,23.05,Amla (Sour),Shita (Cold),Amla (Sour),Neutral,Avoid,Neutral,South Indian,"['Weight_Gain', 'Skin_Health']"
Pumpkin,83,20.75,12.1,8.23,Tikta (Bitter),Ushna (Hot),Amla (Sour),Favor,Neutral,Avoid,North Indian,"['Heart_Health', 'General_Wellness']"
Curry,209,34.14,6.79,26.49,Kashaya (Astringent),Ushna (Hot),Katu (Pungent),Favor,Neutral,Avoid,East Indian,"['Immunity', 'Stress', 'Digestion']"
Potato,520,6.07,54.39,1.53,Madhura (Sweet),Shita (Cold),Katu (Pungent),Favor,Favor,Favor,North Indian,"['Skin_Health', 'Stress']"
Tuna,90,27.18,7.54,13.44,Kashaya (Astringent),Shita (Cold),Katu (Pungent),Favor,Neutral,Avoid,North Indian,['Stress']
Olive Oil,299,24.61,6.55,14.25,Kashaya (Astringent),Shita (Cold),Amla (Sour),Avoid,Avoid,Favor,West Indian,"['Immunity', 'Weight_Gain', 'Skin_Health']"
Fish Curry,522,20.21,12.04,21.58,Tikta (Bitter),Shita (Cold),Amla (Sour),Neutral,Neutral,Avoid,West Indian,"['Joint_Pain', 'Stress']"
Sambar,367,34.14,34.97,13.95,Katu (Pungent),Ushna (Hot),Madhura (Sweet),Avoid,Favor,Favor,North Indian,['Immunity']
Bhel Puri,141,10.96,36.85,10.31,Tikta (Bitter),Ushna (Hot),Katu (Pungent),Avoid,Avoid,Favor,East Indian,['Weight_Gain']
Mysore Pak,309,28.35,7.55,18.73,Amla (Sour),Shita (Cold),Madhura (Sweet),Favor,Neutral,Favor,East Indian,['General_Wellness']
Fenugreek Seeds,471,25.35,20.89,18.03,Katu (Pungent),Ushna (Hot),Katu (Pungent),Favor,Favor,Favor,West Indian,['General_Wellness']
Bhel Puri,587,25.36,61.77,9.9,Madhura (Sweet),Shita (Cold),Katu (Pungent),Avoid,Favor,Favor,West Indian,"['Joint_Pain', 'Weight_Gain']"
Bay Leaf,412,35.96,39.12,2.01,Katu (Pungent),Shita (Cold),Madhura (Sweet),Favor,Favor,Favor,South Indian,['Skin_Health']
Vada Pav,432,26.32,60.91,3.12,Katu (Pungent),Ushna (Hot),Katu (Pungent),Favor,Avoid,Favor,South Indian,"['Hair_Growth', 'Skin_Health']"
Cherry,539,3.08,41.72,33.36,Lavana (Salty),Shita (Cold),Katu (Pungent),Neutral,Favor,Neutral,West Indian,"['Acidity', 'Weight_Loss']"
Tandoori Chicken,401,28.38,71.22,10.72,Madhura (Sweet),Shita (Cold),Madhura (Sweet),Favor,Neutral,Avoid,South Indian,"['Stress', 'General_Wellness', 'Weight_Loss']"
Naan,487,26.37,24.77,19.73,Katu (Pungent),Ushna (Hot),Amla (Sour),Avoid,Avoid,Favor,North Indian,['Skin_Health']
Black Pepper,328,30.98,66.55,10.84,Amla (Sour),Shita (Cold),Madhura (Sweet),Favor,Avoid,Avoid,South Indian,"['Digestion', 'Immunity']"
Naan,321,33.49,36.27,25.59,Katu (Pungent),Ushna (Hot),Katu (Pungent),Neutral,Favor,Avoid,East Indian,"['Heart_Health', 'Stress', 'Joint_Pain']"
Rasmalai,525,12.59,58.92,14.71,Tikta (Bitter),Shita (Cold),Katu (Pungent),Avoid,Favor,Neutral,North Indian,['Hair_Growth']
Bhindi Masala,159,38.53,32.78,7.24,Madhura (Sweet),Ushna (Hot),Katu (Pungent),Favor,Favor,Avoid,North Indian,"['Stress', 'Weight_Loss', 'Immunity']"
Black Cardamom,537,3.52,22.08,31.61,Katu (Pungent),Ushna (Hot),Madhura (Sweet),Neutral,Neutral,Favor,South Indian,['Diabetes']
Thepla,545,2.98,9.78,27.25,Tikta (Bitter),Shita (Cold),Katu (Pungent),Avoid,Favor,Avoid,East Indian,['Digestion']
Dal Bati Churma,267,16.71,61.45,27.29,Katu (Pungent),Ushna (Hot),Amla (Sour),Favor,Favor,Neutral,West Indian,['Acidity']
Kiwi,452,19.64,48.49,24.84,Katu (Pungent),Ushna (Hot),Katu (Pungent),Favor,Avoid,Avoid,North Indian,"['Weight_Gain', 'Heart_Health']"
Ashwagandha,555,33.01,63.6,18.35,Katu (Pungent),Ushna (Hot),Katu (Pungent),Favor,Favor,Avoid,West Indian,['General_Wellness']
Leeks,527,7.76,12.16,23.03,Amla (Sour),Ushna (Hot),Madhura (Sweet),Avoid,Avoid,Favor,West Indian,"['Weight_Gain', 'Stress', 'Digestion']"
Vindaloo,341,9.31,56.12,3.68,Lavana (Salty),Ushna (Hot),Amla (Sour),Favor,Favor,Favor,East Indian,"['Joint_Pain', 'Digestion', 'Heart_Health']"
Bhindi Masala,337,2.37,49.09,30.38,Kashaya (Astringent),Ushna (Hot),Katu (Pungent),Avoid,Avoid,Favor,North Indian,['Heart_Health']
Urad Dal,513,4.83,27.62,1.78,Tikta (Bitter),Shita (Cold),Madhura (Sweet),Avoid,Avoid,Favor,West Indian,"['Digestion', 'Diabetes']"
Dosa,86,2.26,61.88,5.84,Madhura (Sweet),Ushna (Hot),Katu (Pungent),Avoid,Avoid,Neutral,East Indian,['Stress']
Peanut,53,14.19,43.41,26.17,Kashaya (Astringent),Shita (Cold),Madhura (Sweet),Favor,Avoid,Favor,North Indian,['Digestion']
Naan,385,38.36,43.63,5.54,Tikta (Bitter),Ushna (Hot),Amla (Sour),Favor,Favor,Favor,North Indian,"['Acidity', 'General_Wellness']"
Mushroom,405,2.86,77.92,33.79,Katu (Pungent),Shita (Cold),Katu (Pungent),Neutral,Avoid,Neutral,East Indian,"['Digestion', 'Weight_Gain']"
Cod,371,34.01,25.03,14.06,Lavana (Salty),Shita (Cold),Katu (Pungent),Avoid,Avoid,Favor,West Indian,"['Weight_Gain', 'Heart_Health']"
Bajra Roti,565,19.52,33.96,12.22,Katu (Pungent),Shita (Cold),Madhura (Sweet),Favor,Avoid,Favor,West Indian,"['Acidity', 'Heart_Health', 'Skin_Health']"
Bajra,318,7.12,60.7,10.47,Tikta (Bitter),Shita (Cold),Madhura (Sweet),Avoid,Neutral,Favor,East Indian,['Weight_Gain']
Tempeh,488,32.81,40.18,32.1,Tikta (Bitter),Ushna (Hot),Madhura (Sweet),Favor,Favor,Favor,South Indian,"['Digestion', 'Heart_Health', 'Immunity']"
Leeks,237,18.39,11.23,18.5,Amla (Sour),Shita (Cold),Katu (Pungent),Favor,Neutral,Avoid,North Indian,"['Acidity', 'Skin_Health']"
Pumpkin Seeds,295,28.22,70.64,14.42,Madhura (Sweet),Shita (Cold),Madhura (Sweet),Neutral,Neutral,Neutral,North Indian,['Heart_Health']
Watermelon,117,15.88,43.33,32.76,Tikta (Bitter),Ushna (Hot),Madhura (Sweet),Favor,Avoid,Avoid,North Indian,"['Stress', 'General_Wellness', 'Heart_Health']"
Apple,511,25.92,28.57,13.16,Amla (Sour),Ushna (Hot),Katu (Pungent),Avoid,Favor,Favor,North Indian,['General_Wellness']
Mace,328,29.49,63.3,17.79,Amla (Sour),Ushna (Hot),Katu (Pungent),Avoid,Avoid,Favor,West Indian,['Weight_Loss']
Leeks,234,17.02,55.08,31.36,Madhura (Sweet),Ushna (Hot),Madhura (Sweet),Favor,Favor,Favor,North Indian,['Digestion']
Thyme,119,2.4,26.19,16.84,Madhura (Sweet),Ushna (Hot),Katu (Pungent),Favor,Favor,Favor,North Indian,"['Joint_Pain', 'Weight_Loss']"
Salt,342,36.63,62.05,4.2,Madhura (Sweet),Ushna (Hot),Amla (Sour),Avoid,Favor,Avoid,South Indian,"['Weight_Loss', 'Stress']"
Jackfruit,303,38.0,75.21,20.01,Madhura (Sweet),Shita (Cold),Amla (Sour),Avoid,Favor,Avoid,East Indian,"['Skin_Health', 'Weight_Gain']"
Black-eyed Peas,453,35.23,20.79,3.12,Amla (Sour),Shita (Cold),Katu (Pungent),Favor,Neutral,Favor,North Indian,"['Stress', 'Digestion', 'Heart_Health']"
Masoor Dal,272,39.11,66.49,29.71,Amla (Sour),Shita (Cold),Katu (Pungent),Favor,Favor,Favor,East Indian,['Weight_Loss']
Blueberry,455,19.52,38.19,30.62,Kashaya (Astringent),Ushna (Hot),Amla (Sour),Avoid,Avoid,Favor,South Indian,"['Digestion', 'Immunity', 'Heart_Health']"
Jeera Rice,592,35.84,39.09,30.15,Tikta (Bitter),Ushna (Hot),Katu (Pungent),Avoid,Avoid,Favor,East Indian,['Heart_Health']
Palak Dal,180,27.45,79.21,28.84,Madhura (Sweet),Shita (Cold),Katu (Pungent),Favor,Favor,Favor,East Indian,"['Hair_Growth', 'Joint_Pain']"
Feta,106,15.15,57.93,20.67,Katu (Pungent),Shita (Cold),Amla (Sour),Avoid,Avoid,Neutral,South Indian,['Diabetes']
Coconut Oil,207,2.02,13.21,10.91,Amla (Sour),Ushna (Hot),Amla (Sour),Avoid,Favor,Avoid,West Indian,['Heart_Health']
Soybeans,350,12.1,54.24,13.97,Amla (Sour),Ushna (Hot),Katu (Pungent),Avoid,Avoid,Avoid,South Indian,"['Skin_Health', 'Digestion', 'Acidity']"
Cashew,53,17.72,53.54,9.39,Tikta (Bitter),Shita (Cold),Katu (Pungent),Avoid,Avoid,Avoid,East Indian,"['Acidity', 'Skin_Health', 'Digestion']"
Coconut Oil,72,33.11,7.64,12.55,Katu (Pungent),Shita (Cold),Katu (Pungent),Favor,Avoid,Neutral,South Indian,['Diabetes']
Papaya,78,17.65,31.38,21.32,Madhura (Sweet),Ushna (Hot),Katu (Pungent),Avoid,Avoid,Avoid,East Indian,"['Heart_Health', 'Digestion']"
Spinach,308,16.78,10.96,15.14,Tikta (Bitter),Ushna (Hot),Madhura (Sweet),Favor,Favor,Favor,East Indian,['General_Wellness']
Ragi,544,3.26,24.12,7.44,Katu (Pungent),Shita (Cold),Katu (Pungent),Avoid,Avoid,Avoid,East Indian,"['General_Wellness', 'Weight_Gain']"
Jowar,344,36.21,13.08,19.71,Lavana (Salty),Ushna (Hot),Madhura (Sweet),Favor,Avoid,Avoid,West Indian,"['Acidity', 'Heart_Health']"
Avial,197,17.45,19.38,12.17,Tikta (Bitter),Ushna (Hot),Katu (Pungent),Favor,Favor,Avoid,East Indian,"['Immunity', 'Stress']"
Pakora,413,5.48,55.03,32.64,Madhura (Sweet),Ushna (Hot),Katu (Pungent),Avoid,Avoid,Avoid,West Indian,"['Weight_Loss', 'Heart_Health', 'Weight_Gain']"
Neem,96,16.76,28.35,24.8,Amla (Sour),Ushna (Hot),Madhura (Sweet),Avoid,Favor,Favor,East Indian,['Heart_Health']
Leeks,350,5.88,55.02,34.35,Madhura (Sweet),Shita (Cold),Amla (Sour),Avoid,Neutral,Favor,North Indian,['Joint_Pain']
Kidney Beans,228,39.93,52.63,30.64,Amla (Sour),Shita (Cold),Amla (Sour),Favor,Favor,Avoid,North Indian,"['Weight_Gain', 'Skin_Health', 'Digestion']"
Honey,139,5.43,20.42,7.42,Madhura (Sweet),Ushna (Hot),Katu (Pungent),Avoid,Avoid,Avoid,North Indian,"['Acidity', 'Hair_Growth']"
Pork,457,25.28,50.97,25.53,Kashaya (Astringent),Ushna (Hot),Amla (Sour),Avoid,Favor,Avoid,South Indian,"['Weight_Gain', 'Acidity', 'Hair_Growth']"
Aloo Gobi,110,24.98,40.95,20.13,Madhura (Sweet),Shita (Cold),Madhura (Sweet),Favor,Avoid,Favor,West Indian,"['Immunity', 'General_Wellness', 'Skin_Health']"
Vegetable Korma,175,21.45,77.37,11.1,Madhura (Sweet),Shita (Cold),Madhura (Sweet),Neutral,Avoid,Avoid,North Indian,"['Digestion', 'Hair_Growth']"
Sesame Oil,198,12.68,5.77,32.13,Amla (Sour),Shita (Cold),Madhura (Sweet),Favor,Avoid,Avoid,West Indian,"['Skin_Health', 'Digestion', 'Diabetes']"
Brown Rice,491,16.4,21.1,17.47,Katu (Pungent),Ushna (Hot),Madhura (Sweet),Avoid,Neutral,Favor,East Indian,"['Weight_Gain', 'Stress']"
Jasmine Rice,289,8.62,62.28,25.42,Amla (Sour),Ushna (Hot),Amla (Sour),Favor,Favor,Favor,West Indian,"['Skin_Health', 'General_Wellness']"
Goat Cheese,549,24.91,72.55,2.13,Madhura (Sweet),Shita (Cold),Amla (Sour),Avoid,Avoid,Favor,South Indian,['Weight_Loss']
Almond Oil,498,24.02,78.52,10.18,Katu (Pungent),Ushna (Hot),Amla (Sour),Neutral,Favor,Favor,East Indian,['Weight_Gain']
Farro,483,29.85,19.91,32.89,Kashaya (Astringent),Ushna (Hot),Katu (Pungent),Favor,Avoid,Avoid,South Indian,"['Digestion', 'Heart_Health']"
Onion Bhaji,129,34.09,31.36,11.94,Lavana (Salty),Ushna (Hot),Madhura (Sweet),Avoid,Avoid,Avoid,West Indian,['Hair_Growth']
Potato,511,17.55,54.14,9.82,Lavana (Salty),Ushna (Hot),Katu (Pungent),Avoid,Favor,Avoid,East Indian,['Digestion']
Broccoli,201,11.9,28.91,23.48,Amla (Sour),Ushna (Hot),Amla (Sour),Favor,Favor,Favor,East Indian,"['General_Wellness', 'Acidity', 'Weight_Loss']"
Jowar Roti,183,14.84,38.42,6.28,Kashaya (Astringent),Shita (Cold),Katu (Pungent),Avoid,Avoid,Avoid,South Indian,"['General_Wellness', 'Weight_Gain', 'Diabetes']"
Thali,508,3.23,37.96,25.13,Madhura (Sweet),Shita (Cold),Amla (Sour),Avoid,Avoid,Favor,West Indian,"['Joint_Pain', 'Digestion', 'Weight_Loss']"
Pistachio,571,2.88,55.47,19.52,Madhura (Sweet),Ushna (Hot),Madhura (Sweet),Favor,Avoid,Avoid,East Indian,['General_Wellness']
Coconut Water,593,34.91,28.35,3.56,Tikta (Bitter),Shita (Cold),Amla (Sour),Neutral,Favor,Avoid,South Indian,['Stress']
Farro,219,32.93,23.02,11.16,Katu (Pungent),Ushna (Hot),Madhura (Sweet),Avoid,Favor,Neutral,West Indian,['Diabetes']
Pumpkin Seeds,96,8.99,43.97,7.67,Tikta (Bitter),Shita (Cold),Katu (Pungent),Favor,Avoid,Favor,South Indian,['Immunity']
Coconut Water,595,14.11,10.13,31.6,Lavana (Salty),Ushna (Hot),Katu (Pungent),Favor,Favor,Favor,East Indian,"['Weight_Gain', 'Hair_Growth']"
Litchi,241,33.31,41.34,31.57,Katu (Pungent),Ushna (Hot),Amla (Sour),Favor,Favor,Avoid,South Indian,['Heart_Health']
Flax Seeds,358,34.95,68.35,33.79,Tikta (Bitter),Shita (Cold),Madhura (Sweet),Avoid,Favor,Favor,West Indian,"['Immunity', 'Heart_Health']"
Bok Choy,552,27.64,17.94,4.7,Kashaya (Astringent),Ushna (Hot),Amla (Sour),Favor,Favor,Avoid,West Indian,['Weight_Gain']
Wheat,190,18.78,44.9,22.26,Kashaya (Astringent),Ushna (Hot),Amla (Sour),Favor,Avoid,Favor,South Indian,"['Hair_Growth', 'Weight_Loss']"
Bay Leaf,112,21.82,56.7,11.66,Kashaya (Astringent),Ushna (Hot),Madhura (Sweet),Neutral,Favor,Avoid,East Indian,"['Stress', 'Hair_Growth', 'Weight_Loss']"
Toor Dal,335,5.05,55.41,11.43,Madhura (Sweet),Ushna (Hot),Madhura (Sweet),Avoid,Avoid,Avoid,East Indian,"['Immunity', 'Heart_Health', 'Acidity']"
Cottage Cheese,92,26.64,75.53,10.8,Katu (Pungent),Shita (Cold),Katu (Pungent),Avoid,Avoid,Avoid,West Indian,['Stress']
Cardamom,239,29.06,52.14,17.67,Katu (Pungent),Shita (Cold),Amla (Sour),Avoid,Favor,Favor,South Indian,['Joint_Pain']
Tamarind,84,17.65,78.92,14.22,Lavana (Salty),Ushna (Hot),Madhura (Sweet),Favor,Avoid,Favor,East Indian,"['Weight_Gain', 'Hair_Growth']"
Lentils,109,14.05,58.56,28.63,Amla (Sour),Shita (Cold),Katu (Pungent),Favor,Favor,Avoid,East Indian,['Weight_Gain']
Chickpeas,270,12.01,11.56,17.46,Katu (Pungent),Shita (Cold),Madhura (Sweet),Favor,Favor,Favor,East Indian,['Acidity']
Edamame,78,7.84,11.13,11.5,Tikta (Bitter),Shita (Cold),Madhura (Sweet),Favor,Neutral,Avoid,North Indian,['General_Wellness']
Garlic,449,35.56,35.41,29.26,Tikta (Bitter),Ushna (Hot),Madhura (Sweet),Avoid,Favor,Favor,South Indian,['Digestion']
Mint,235,9.52,30.16,27.96,Tikta (Bitter),Shita (Cold),Madhura (Sweet),Favor,Avoid,Favor,East Indian,"['Joint_Pain', 'Immunity']"
Shahi Tukda,147,19.59,24.2,20.83,Katu (Pungent),Shita (Cold),Madhura (Sweet),Favor,Avoid,Avoid,South Indian,"['General_Wellness', 'Hair_Growth']"
Barley,433,15.3,43.36,6.67,Katu (Pungent),Shita (Cold),Katu (Pungent),Neutral,Favor,Favor,North Indian,"['Joint_Pain', 'General_Wellness']"
Appam,53,11.22,14.3,12.64,Madhura (Sweet),Shita (Cold),Katu (Pungent),Favor,Avoid,Favor,West Indian,"['Immunity', 'Heart_Health', 'Hair_Growth']"
Mushroom,597,34.18,30.78,30.48,Amla (Sour),Shita (Cold),Katu (Pungent),Avoid,Avoid,Favor,West Indian,"['Weight_Gain', 'Weight_Loss']"
Pomegranate,399,7.99,37.56,23.54,Lavana (Salty),Ushna (Hot),Madhura (Sweet),Avoid,Favor,Favor,West Indian,"['Joint_Pain', 'Diabetes', 'Stress']"
Dark Chocolate,147,8.92,23.45,2.68,Tikta (Bitter),Ushna (Hot),Katu (Pungent),Favor,Favor,Avoid,East Indian,['Joint_Pain']
Besan Ladoo,293,29.22,66.84,20.87,Madhura (Sweet),Shita (Cold),Madhura (Sweet),Avoid,Avoid,Favor,East Indian,"['Joint_Pain', 'Digestion']"
Oats,197,29.12,8.11,15.75,Amla (Sour),Shita (Cold),Amla (Sour),Favor,Neutral,Neutral,North Indian,['Immunity']
Kale,212,18.37,79.53,27.09,Madhura (Sweet),Ushna (Hot),Katu (Pungent),Avoid,Avoid,Avoid,West Indian,"['Hair_Growth', 'Acidity']"
Sugar,76,22.01,37.67,2.5,Madhura (Sweet),Shita (Cold),Amla (Sour),Avoid,Favor,Favor,North Indian,"['Hair_Growth', 'Joint_Pain', 'Skin_Health']"
Tea,315,18.09,14.4,23.77,Katu (Pungent),Shita (Cold),Amla (Sour),Avoid,Favor,Avoid,South Indian,"['Heart_Health', 'Hair_Growth', 'Stress']"
Green Chilli,378,19.2,51.96,21.51,Kashaya (Astringent),Shita (Cold),Amla (Sour),Avoid,Favor,Avoid,East Indian,"['Weight_Loss', 'Hair_Growth']"
Malai Kofta,475,14.73,73.27,5.19,Madhura (Sweet),Shita (Cold),Madhura (Sweet),Neutral,Avoid,Avoid,North Indian,['Weight_Gain']
Millet,281,23.03,59.39,10.94,Kashaya (Astringent),Ushna (Hot),Madhura (Sweet),Favor,Favor,Favor,South Indian,"['Weight_Gain', 'General_Wellness', 'Diabetes']"
Asafoetida,559,27.2,37.07,33.15,Katu (Pungent),Shita (Cold),Katu (Pungent),Avoid,Favor,Favor,North Indian,"['Stress', 'Heart_Health', 'Weight_Gain']"
Green Chilli,223,28.85,75.59,3.5,Katu (Pungent),Shita (Cold),Katu (Pungent),Favor,Avoid,Avoid,South Indian,['Skin_Health']
Avocado,87,35.8,40.31,26.93,Tikta (Bitter),Shita (Cold),Madhura (Sweet),Avoid,Neutral,Avoid,East Indian,"['Immunity', 'Skin_Health', 'Heart_Health']"
Grape,290,12.24,13.85,21.1,Madhura (Sweet),Shita (Cold),Amla (Sour),Neutral,Avoid,Favor,South Indian,"['Stress', 'Acidity']"
Dal Tadka,139,17.05,22.85,32.83,Katu (Pungent),Shita (Cold),Madhura (Sweet),Avoid,Avoid,Favor,East Indian,['Diabetes']
Shrimp,318,10.55,62.53,21.6,Tikta (Bitter),Shita (Cold),Katu (Pungent),Neutral,Favor,Favor,South Indian,"['General_Wellness', 'Immunity']"
Salt,250,8.89,18.08,1.63,Amla (Sour),Shita (Cold),Madhura (Sweet),Avoid,Avoid,Avoid,South Indian,"['Diabetes', 'General_Wellness', 'Joint_Pain']"
Coffee,440,7.9,46.03,4.95,Amla (Sour),Shita (Cold),Katu (Pungent),Avoid,Avoid,Neutral,South Indian,"['Weight_Loss', 'Digestion']"
Black Pepper,204,29.37,35.46,5.42,Tikta (Bitter),Ushna (Hot),Katu (Pungent),Neutral,Favor,Favor,North Indian,['Weight_Loss']
Pickle,213,8.89,77.74,10.63,Tikta (Bitter),Shita (Cold),Amla (Sour),Favor,Favor,Favor,West Indian,['Weight_Gain']
Papad,89,13.9,45.5,4.15,Madhura (Sweet),Shita (Cold),Madhura (Sweet),Favor,Favor,Favor,West Indian,['Joint_Pain']
Olive Oil,158,34.58,79.14,12.34,Tikta (Bitter),Shita (Cold),Madhura (Sweet),Favor,Neutral,Favor,East Indian,['Acidity']
Coffee,569,6.24,58.79,6.68,Tikta (Bitter),Ushna (Hot),Madhura (Sweet),Neutral,Favor,Favor,North Indian,"['Weight_Gain', 'Hair_Growth']"
Artichoke,557,11.88,73.68,23.55,Lavana (Salty),Shita (Cold),Amla (Sour),Favor,Avoid,Avoid,East Indian,"['Heart_Health', 'Immunity']"
Oregano,529,37.05,43.46,29.42,Katu (Pungent),Shita (Cold),Madhura (Sweet),Favor,Favor,Favor,East Indian,"['Skin_Health', 'Hair_Growth']"
Chhole Bhature,443,7.29,43.49,34.49,Kashaya (Astringent),Shita (Cold),Madhura (Sweet),Avoid,Avoid,Avoid,West Indian,"['General_Wellness', 'Weight_Gain', 'Digestion']"
Aloo Gobi,239,4.42,22.19,20.46,Madhura (Sweet),Ushna (Hot),Amla (Sour),Favor,Favor,Avoid,North Indian,"['General_Wellness', 'Heart_Health', 'Stress']"
Cardamom,51,38.44,20.78,18.77,Lavana (Salty),Shita (Cold),Katu (Pungent),Favor,Neutral,Neutral,West Indian,"['Heart_Health', 'Immunity']"
Pomegranate,265,39.86,12.83,28.29,Amla (Sour),Shita (Cold),Amla (Sour),Favor,Avoid,Favor,West Indian,"['Weight_Gain', 'Digestion']"
Asafoetida,520,39.31,6.16,15.61,Lavana (Salty),Shita (Cold),Madhura (Sweet),Avoid,Favor,Favor,North Indian,"['Digestion', 'Hair_Growth']"
Rogan Josh,583,37.47,21.37,23.19,Lavana (Salty),Ushna (Hot),Amla (Sour),Neutral,Favor,Avoid,North Indian,"['Weight_Loss', 'Heart_Health']"
Puran Poli,333,6.59,55.91,26.21,Madhura (Sweet),Shita (Cold),Madhura (Sweet),Avoid,Avoid,Avoid,South Indian,['Diabetes']
Thyme,251,25.44,55.71,15.62,Kashaya (Astringent),Shita (Cold),Amla (Sour),Avoid,Avoid,Favor,South Indian,"['General_Wellness', 'Heart_Health']"
Basil,81,31.79,75.41,34.94,Madhura (Sweet),Shita (Cold),Amla (Sour),Favor,Avoid,Favor,East Indian,"['Diabetes', 'Heart_Health']"
Kheer,560,19.65,37.98,18.57,Madhura (Sweet),Ushna (Hot),Katu (Pungent),Favor,Favor,Avoid,East Indian,"['Immunity', 'Skin_Health']"
Halwa,114,4.51,44.57,13.14,Tikta (Bitter),Ushna (Hot),Amla (Sour),Avoid,Avoid,Favor,West Indian,"['Digestion', 'Acidity', 'Weight_Loss']"
Asafoetida,290,6.5,52.29,31.3,Madhura (Sweet),Ushna (Hot),Amla (Sour),Avoid,Neutral,Favor,South Indian,['Acidity']
Almond Oil,543,3.49,72.86,18.36,Lavana (Salty),Shita (Cold),Katu (Pungent),Neutral,Favor,Favor,North Indian,"['Hair_Growth', 'Skin_Health']"
Arugula,579,22.85,23.43,26.88,Kashaya (Astringent),Shita (Cold),Madhura (Sweet),Avoid,Favor,Favor,West Indian,['Joint_Pain']
Green Cardamom,336,20.87,65.57,2.24,Kashaya (Astringent),Ushna (Hot),Katu (Pungent),Favor,Neutral,Neutral,North Indian,"['Weight_Gain', 'Immunity', 'Acidity']"
Curry,83,23.3,60.35,3.3,Katu (Pungent),Ushna (Hot),Madhura (Sweet),Favor,Avoid,Favor,South Indian,"['Heart_Health', 'Digestion']"
Sugar,408,31.19,76.63,31.25,Amla (Sour),Ushna (Hot),Madhura (Sweet),Avoid,Avoid,Favor,South Indian,"['Stress', 'Weight_Gain', 'Hair_Growth']"
Mysore Pak,190,19.26,21.88,34.54,Tikta (Bitter),Shita (Cold),Madhura (Sweet),Avoid,Avoid,Favor,West Indian,['Weight_Loss']
Pumpkin Seeds,200,7.32,25.08,10.69,Tikta (Bitter),Shita (Cold),Madhura (Sweet),Favor,Avoid,Avoid,North Indian,"['General_Wellness', 'Skin_Health']"
Black Salt,151,12.51,48.0,26.77,Lavana (Salty),Ushna (Hot),Madhura (Sweet),Favor,Favor,Favor,North Indian,['Weight_Loss']
Asparagus,415,36.44,37.84,12.94,Katu (Pungent),Shita (Cold),Amla (Sour),Avoid,Favor,Neutral,East Indian,"['Diabetes', 'Weight_Gain', 'Acidity']"
Parsley,456,21.98,61.49,19.12,Katu (Pungent),Ushna (Hot),Katu (Pungent),Avoid,Favor,Favor,West Indian,"['Acidity', 'Digestion', 'Immunity']"
Shrimp,71,31.3,11.96,27.39,Madhura (Sweet),Shita (Cold),Madhura (Sweet),Avoid,Favor,Avoid,North Indian,['Hair_Growth']
Millet,256,10.62,14.62,17.15,Amla (Sour),Shita (Cold),Madhura (Sweet),Avoid,Avoid,Favor,North Indian,"['Heart_Health', 'Stress', 'Skin_Health']"
Pongal,295,36.05,46.66,21.32,Katu (Pungent),Ushna (Hot),Katu (Pungent),Avoid,Favor,Favor,East Indian,"['Weight_Gain', 'Diabetes', 'Heart_Health']"
Triphala,539,32.87,39.83,1.88,Madhura (Sweet),Ushna (Hot),Katu (Pungent),Neutral,Favor,Favor,South Indian,"['Digestion', 'Weight_Gain']"
Banana,463,4.69,30.67,24.11,Lavana (Salty),Ushna (Hot),Madhura (Sweet),Avoid,Favor,Favor,South Indian,['Diabetes']
Dates,590,16.6,47.93,34.99,Lavana (Salty),Ushna (Hot),Madhura (Sweet),Favor,Avoid,Favor,North Indian,['Weight_Gain']
Roti,539,39.27,5.92,17.32,Amla (Sour),Ushna (Hot),Katu (Pungent),Favor,Avoid,Avoid,North Indian,"['Skin_Health', 'General_Wellness', 'Hair_Growth']"
Mace,516,21.13,20.51,32.77,Kashaya (Astringent),Ushna (Hot),Madhura (Sweet),Avoid,Avoid,Avoid,West Indian,"['Diabetes', 'Heart_Health']"
Tempeh,590,4.71,17.82,16.93,Lavana (Salty),Shita (Cold),Amla (Sour),Favor,Favor,Favor,North Indian,['Heart_Health']
Onion Bhaji,227,7.25,33.93,5.98,Madhura (Sweet),Shita (Cold),Amla (Sour),Neutral,Avoid,Neutral,South Indian,"['Skin_Health', 'Immunity', 'Heart_Health']"
Pav Bhaji,432,31.78,28.43,18.96,Katu (Pungent),Ushna (Hot),Madhura (Sweet),Favor,Favor,Favor,East Indian,"['Diabetes', 'Skin_Health', 'Weight_Loss']"
Cloves,142,38.18,75.13,12.54,Tikta (Bitter),Shita (Cold),Amla (Sour),Favor,Favor,Avoid,West Indian,"['Hair_Growth', 'General_Wellness', 'Skin_Health']"
Blueberry,183,11.59,78.74,13.87,Amla (Sour),Ushna (Hot),Madhura (Sweet),Avoid,Avoid,Favor,West Indian,"['Diabetes', 'Joint_Pain', 'Immunity']"
Onion Bhaji,151,9.8,78.94,28.11,Kashaya (Astringent),Ushna (Hot),Katu (Pungent),Avoid,Avoid,Avoid,East Indian,"['General_Wellness', 'Stress', 'Joint_Pain']"
Green Gram,52,23.48,29.2,23.51,Madhura (Sweet),Shita (Cold),Madhura (Sweet),Neutral,Favor,Neutral,North Indian,"['Joint_Pain', 'Weight_Gain']"
White Chocolate,477,28.41,34.64,9.54,Katu (Pungent),Shita (Cold),Katu (Pungent),Neutral,Favor,Favor,North Indian,['Diabetes']
Sooji ka Halwa,121,7.74,8.19,14.27,Kashaya (Astringent),Shita (Cold),Madhura (Sweet),Favor,Favor,Favor,North Indian,"['Weight_Gain', 'Weight_Loss']"
Yogurt,321,21.09,56.18,17.9,Tikta (Bitter),Ushna (Hot),Madhura (Sweet),Favor,Favor,Avoid,East Indian,"['Weight_Loss', 'Digestion', 'Stress']"
Asafoetida,77,5.85,7.52,4.69,Lavana (Salty),Shita (Cold),Madhura (Sweet),Avoid,Favor,Favor,South Indian,"['Acidity', 'Immunity', 'Diabetes']"
Lobster,249,22.85,33.6,10.42,Katu (Pungent),Shita (Cold),Katu (Pungent),Favor,Favor,Avoid,West Indian,['Hair_Growth']
Saffron,490,5.5,47.49,13.72,Katu (Pungent),Shita (Cold),Madhura (Sweet),Avoid,Avoid,Favor,West Indian,"['Acidity', 'Weight_Loss']"
Edamame,211,30.67,16.49,27.83,Amla (Sour),Shita (Cold),Madhura (Sweet),Neutral,Avoid,Neutral,North Indian,"['Immunity', 'Hair_Growth']"
Mango,267,29.67,76.01,17.73,Amla (Sour),Ushna (Hot),Amla (Sour),Neutral,Favor,Favor,South Indian,"['Immunity', 'Weight_Gain', 'Skin_Health']"
Wheatgrass Juice,433,27.62,61.79,11.9,Kashaya (Astringent),Ushna (Hot),Katu (Pungent),Favor,Avoid,Favor,West Indian,"['Weight_Gain', 'Diabetes', 'Skin_Health']"
Dal Bati Churma,179,9.78,12.67,22.06,Kashaya (Astringent),Shita (Cold),Madhura (Sweet),Favor,Avoid,Avoid,North Indian,['Heart_Health']
Beetroot,496,7.65,56.49,10.85,Amla (Sour),Shita (Cold),Amla (Sour),Avoid,Avoid,Favor,West Indian,['Skin_Health']
Mango,563,10.23,12.52,5.63,Madhura (Sweet),Shita (Cold),Katu (Pungent),Avoid,Avoid,Favor,South Indian,"['General_Wellness', 'Heart_Health']"
Tandoori Chicken,182,6.67,19.13,28.7,Lavana (Salty),Ushna (Hot),Amla (Sour),Favor,Neutral,Avoid,South Indian,"['Stress', 'Weight_Loss']"
Puran Poli,496,8.18,61.34,6.24,Madhura (Sweet),Ushna (Hot),Katu (Pungent),Favor,Avoid,Favor,East Indian,"['Heart_Health', 'Weight_Loss', 'Hair_Growth']"
Masala Dosa,548,39.87,16.78,24.96,Amla (Sour),Ushna (Hot),Katu (Pungent),Favor,Avoid,Favor,East Indian,"['Acidity', 'Stress', 'Weight_Loss']"
Chole Kulche,570,7.88,29.41,12.95,Lavana (Salty),Shita (Cold),Amla (Sour),Favor,Favor,Neutral,East Indian,"['Heart_Health', 'Skin_Health', 'Weight_Gain']"
Chia Seeds,224,17.56,15.84,27.93,Kashaya (Astringent),Ushna (Hot),Madhura (Sweet),Favor,Favor,Favor,South Indian,"['Immunity', 'Digestion']"
Lobster,168,2.8,6.77,22.67,Kashaya (Astringent),Shita (Cold),Amla (Sour),Favor,Neutral,Favor,North Indian,['Stress']
Mustard Seeds,90,28.98,23.42,1.14,Madhura (Sweet),Shita (Cold),Amla (Sour),Favor,Favor,Favor,South Indian,"['Diabetes', 'Stress', 'General_Wellness']"
Mozzarella,358,15.45,6.27,17.23,Kashaya (Astringent),Ushna (Hot),Katu (Pungent),Avoid,Favor,Favor,West Indian,"['Hair_Growth', 'Joint_Pain']"
Guava,328,14.2,64.91,23.88,Kashaya (Astringent),Shita (Cold),Amla (Sour),Favor,Avoid,Avoid,West Indian,"['General_Wellness', 'Digestion', 'Weight_Loss']"
Aloe Vera Juice,519,30.79,45.59,18.36,Tikta (Bitter),Shita (Cold),Katu (Pungent),Favor,Favor,Avoid,West Indian,"['Diabetes', 'Hair_Growth', 'Heart_Health']"
Cashew,568,11.44,34.81,32.55,Katu (Pungent),Shita (Cold),Amla (Sour),Avoid,Avoid,Neutral,South Indian,"['Immunity', 'Weight_Loss']"
Quinoa,70,20.35,43.48,20.27,Amla (Sour),Shita (Cold),Katu (Pungent),Avoid,Favor,Favor,West Indian,"['General_Wellness', 'Joint_Pain']"
Dal Tadka,568,4.45,76.51,22.78,Madhura (Sweet),Ushna (Hot),Amla (Sour),Favor,Favor,Avoid,West Indian,['Joint_Pain']
Farro,463,2.43,7.85,30.12,Kashaya (Astringent),Ushna (Hot),Madhura (Sweet),Favor,Favor,Favor,South Indian,"['Stress', 'Acidity']"
Orange,464,19.27,63.6,13.93,Katu (Pungent),Shita (Cold),Katu (Pungent),Favor,Favor,Avoid,South Indian,"['Skin_Health', 'General_Wellness']"
Mint,435,31.04,73.39,20.45,Amla (Sour),Shita (Cold),Madhura (Sweet),Neutral,Favor,Avoid,South Indian,"['Hair_Growth', 'Stress', 'Immunity']"
